,L,counts,cps,cps_per_nA
0,125.0,64.0,106.66666666666667,1.073969660357095
1,125.02,56.0,93.33333333333334,0.9397234528124581
2,125.04,64.0,106.66666666666667,1.073969660357095
3,125.06,61.0,101.66666666666667,1.023627332527856
4,125.08,59.0,98.33333333333334,0.9900657806416969
5,125.1,65.0,108.33333333333334,1.0907504363001745
6,125.12,55.0,91.66666666666667,0.9229426768693784
7,125.14,59.0,98.33333333333334,0.9900657806416969
8,125.16,58.0,96.66666666666667,0.9732850046986172
9,125.18,56.0,93.33333333333334,0.9397234528124581
10,125.2,61.0,101.66666666666667,1.023627332527856
11,125.22,60.0,100.0,1.0068465565847764
12,125.24,67.0,111.66666666666667,1.1243119881863337
13,125.26,61.0,101.66666666666667,1.023627332527856
14,125.28,49.0,81.66666666666667,0.8222580212109007
15,125.3,49.0,81.66666666666667,0.8222580212109007
16,125.32,61.0,101.66666666666667,1.023627332527856
17,125.34,54.0,90.0,0.9061619009262988
18,125.36,61.0,101.66666666666667,1.023627332527856
19,125.38,47.0,78.33333333333334,0.7886964693247416
20,125.4,56.0,93.33333333333334,0.9397234528124581
21,125.42,62.0,103.33333333333334,1.0404081084709358
22,125.44,76.0,126.66666666666667,1.2753389716740502
23,125.46,67.0,111.66666666666667,1.1243119881863337
24,125.48,53.0,88.33333333333334,0.8893811249832193
25,125.5,56.0,93.33333333333334,0.9397234528124581
26,125.52,70.0,116.66666666666667,1.1746543160155725
27,125.54,61.0,101.66666666666667,1.023627332527856
28,125.56,59.0,98.33333333333334,0.9900657806416969
29,125.58,52.0,86.66666666666667,0.8726003490401396
30,125.6,68.0,113.33333333333334,1.1410927641294133
31,125.62,54.0,90.0,0.9061619009262988
32,125.64,55.0,91.66666666666667,0.9229426768693784
33,125.66,55.0,91.66666666666667,0.9229426768693784
34,125.68,56.0,93.33333333333334,0.9397234528124581
35,125.7,51.0,85.0,0.8558195730970599
36,125.72,58.0,96.66666666666667,0.9732850046986172
37,125.74,41.0,68.33333333333334,0.688011813666264
38,125.76,54.0,90.0,0.9061619009262988
39,125.78,58.0,96.66666666666667,0.9732850046986172
40,125.8,49.0,81.66666666666667,0.8222580212109007
41,125.82,49.0,81.66666666666667,0.8222580212109007
42,125.84,72.0,120.0,1.2082158679017316
43,125.86,54.0,90.0,0.9061619009262988
44,125.88,56.0,93.33333333333334,0.9397234528124581
45,125.9,57.0,95.0,0.9565042287555375
46,125.92,52.0,86.66666666666667,0.8726003490401396
47,125.94,62.0,103.33333333333334,1.0404081084709358
48,125.96,55.0,91.66666666666667,0.9229426768693784
49,125.98,55.0,91.66666666666667,0.9229426768693784
50,126.0,58.0,96.66666666666667,0.9732850046986172
51,126.02,65.0,108.33333333333334,1.0907504363001745
52,126.04,63.0,105.0,1.0571888844140152
53,126.06,57.0,95.0,0.9565042287555375
54,126.08,64.0,106.66666666666667,1.073969660357095
55,126.1,54.0,90.0,0.9061619009262988
56,126.12,53.0,88.33333333333334,0.8893811249832193
57,126.14,63.0,105.0,1.0571888844140152
58,126.16,54.0,90.0,0.9061619009262988
59,126.18,46.0,76.66666666666667,0.771915693381662
60,126.2,65.0,108.33333333333334,1.0907504363001745
61,126.22,64.0,106.66666666666667,1.073969660357095
62,126.24,64.0,106.66666666666667,1.073969660357095
63,126.26,61.0,101.66666666666667,1.023627332527856
64,126.28,68.0,113.33333333333334,1.1410927641294133
65,126.3,52.0,86.66666666666667,0.8726003490401396
66,126.32,70.0,116.66666666666667,1.1746543160155725
67,126.34,47.0,78.33333333333334,0.7886964693247416
68,126.36,51.0,85.0,0.8558195730970599
69,126.38,73.0,121.66666666666667,1.2249966438448114
70,126.4,61.0,101.66666666666667,1.023627332527856
71,126.42,58.0,96.66666666666667,0.9732850046986172
72,126.44,66.0,110.0,1.1075312122432541
73,126.46,60.0,100.0,1.0068465565847764
74,126.48,62.0,103.33333333333334,1.0404081084709358
75,126.5,49.0,81.66666666666667,0.8222580212109007
76,126.52,61.0,101.66666666666667,1.023627332527856
77,126.54,54.0,90.0,0.9061619009262988
78,126.56,55.0,91.66666666666667,0.9229426768693784
79,126.58,53.0,88.33333333333334,0.8893811249832193
80,126.6,54.0,90.0,0.9061619009262988
81,126.62,53.0,88.33333333333334,0.8893811249832193
82,126.64,64.0,106.66666666666667,1.073969660357095
83,126.66,60.0,100.0,1.0068465565847764
84,126.68,58.0,96.66666666666667,0.9732850046986172
85,126.7,69.0,115.0,1.1578735400724929
86,126.72,48.0,80.0,0.8054772452678212
87,126.74,55.0,91.66666666666667,0.9229426768693784
88,126.76,57.0,95.0,0.9565042287555375
89,126.78,52.0,86.66666666666667,0.8726003490401396
90,126.8,44.0,73.33333333333334,0.7383541414955028
91,126.82,63.0,105.0,1.0571888844140152
92,126.84,51.0,85.0,0.8558195730970599
93,126.86,55.0,91.66666666666667,0.9229426768693784
94,126.88,67.0,111.66666666666667,1.1243119881863337
95,126.9,63.0,105.0,1.0571888844140152
96,126.92,53.0,88.33333333333334,0.8893811249832193
97,126.94,69.0,115.0,1.1578735400724929
98,126.96,46.0,76.66666666666667,0.771915693381662
99,126.98,52.0,86.66666666666667,0.8726003490401396
100,127.0,55.0,91.66666666666667,0.9229426768693784
101,127.02,52.0,86.66666666666667,0.8726003490401396
102,127.04,55.0,91.66666666666667,0.9229426768693784
103,127.06,49.0,81.66666666666667,0.8222580212109007
104,127.08,53.0,88.33333333333334,0.8893811249832193
105,127.1,54.0,90.0,0.9061619009262988
106,127.12,60.0,100.0,1.0068465565847764
107,127.14,52.0,86.66666666666667,0.8726003490401396
108,127.16,51.0,85.0,0.8558195730970599
109,127.18,58.0,96.66666666666667,0.9732850046986172
110,127.2,61.0,101.66666666666667,1.023627332527856
111,127.22,52.0,86.66666666666667,0.8726003490401396
112,127.24,63.0,105.0,1.0571888844140152
113,127.26,67.0,111.66666666666667,1.1243119881863337
114,127.28,64.0,106.66666666666667,1.073969660357095
115,127.3,50.0,83.33333333333334,0.8390387971539804
116,127.32,62.0,103.33333333333334,1.0404081084709358
117,127.34,57.0,95.0,0.9565042287555375
118,127.36,49.0,81.66666666666667,0.8222580212109007
119,127.38,51.0,85.0,0.8558195730970599
120,127.4,53.0,88.33333333333334,0.8893811249832193
121,127.42,54.0,90.0,0.9061619009262988
122,127.44,45.0,75.0,0.7551349174385823
123,127.46,51.0,85.0,0.8558195730970599
124,127.48,51.0,85.0,0.8558195730970599
125,127.5,42.0,70.0,0.7047925896093434
126,127.52,58.0,96.66666666666667,0.9732850046986172
127,127.54,43.0,71.66666666666667,0.7215733655524231
128,127.56,42.0,70.0,0.7047925896093434
129,127.58,44.0,73.33333333333334,0.7383541414955028
130,127.6,46.0,76.66666666666667,0.771915693381662
131,127.62,53.0,88.33333333333334,0.8893811249832193
132,127.64,49.0,81.66666666666667,0.8222580212109007
133,127.66,60.0,100.0,1.0068465565847764
134,127.68,54.0,90.0,0.9061619009262988
135,127.7,65.0,108.33333333333334,1.0907504363001745
136,127.72,49.0,81.66666666666667,0.8222580212109007
137,127.74,43.0,71.66666666666667,0.7215733655524231
138,127.76,54.0,90.0,0.9061619009262988
139,127.78,59.0,98.33333333333334,0.9900657806416969
140,127.8,49.0,81.66666666666667,0.8222580212109007
141,127.82,56.0,93.33333333333334,0.9397234528124581
142,127.84,49.0,81.66666666666667,0.8222580212109007
143,127.86,56.0,93.33333333333334,0.9397234528124581
144,127.88,53.0,88.33333333333334,0.8893811249832193
145,127.9,61.0,101.66666666666667,1.023627332527856
146,127.92,51.0,85.0,0.8558195730970599
147,127.94,54.0,90.0,0.9061619009262988
148,127.96,64.0,106.66666666666667,1.073969660357095
149,127.98,42.0,70.0,0.7047925896093434
150,128.0,59.0,98.33333333333334,0.9900657806416969
151,128.02,48.0,80.0,0.8054772452678212
152,128.04,47.0,78.33333333333334,0.7886964693247416
153,128.06,58.0,96.66666666666667,0.9732850046986172
154,128.08,44.0,73.33333333333334,0.7383541414955028
155,128.1,54.0,90.0,0.9061619009262988
156,128.12,49.0,81.66666666666667,0.8222580212109007
157,128.14,55.0,91.66666666666667,0.9229426768693784
158,128.16,64.0,106.66666666666667,1.073969660357095
159,128.18,45.0,75.0,0.7551349174385823
160,128.2,40.0,66.66666666666667,0.6712310377231843
161,128.22,60.0,100.0,1.0068465565847764
162,128.24,48.0,80.0,0.8054772452678212
163,128.26,42.0,70.0,0.7047925896093434
164,128.28,45.0,75.0,0.7551349174385823
165,128.3,47.0,78.33333333333334,0.7886964693247416
166,128.32,47.0,78.33333333333334,0.7886964693247416
167,128.34,62.0,103.33333333333334,1.0404081084709358
168,128.36,48.0,80.0,0.8054772452678212
169,128.38,60.0,100.0,1.0068465565847764
170,128.4,51.0,85.0,0.8558195730970599
171,128.42,52.0,86.66666666666667,0.8726003490401396
172,128.44,43.0,71.66666666666667,0.7215733655524231
173,128.46,48.0,80.0,0.8054772452678212
174,128.48,59.0,98.33333333333334,0.9900657806416969
175,128.5,49.0,81.66666666666667,0.8222580212109007
176,128.52,50.0,83.33333333333334,0.8390387971539804
177,128.54,55.0,91.66666666666667,0.9229426768693784
178,128.56,59.0,98.33333333333334,0.9900657806416969
179,128.58,53.0,88.33333333333334,0.8893811249832193
180,128.6,52.0,86.66666666666667,0.8726003490401396
181,128.62,51.0,85.0,0.8558195730970599
182,128.64,42.0,70.0,0.7047925896093434
183,128.66,52.0,86.66666666666667,0.8726003490401396
184,128.68,47.0,78.33333333333334,0.7886964693247416
185,128.7,60.0,100.0,1.0068465565847764
186,128.72,53.0,88.33333333333334,0.8893811249832193
187,128.74,44.0,73.33333333333334,0.7383541414955028
188,128.76,46.0,76.66666666666667,0.771915693381662
189,128.78,46.0,76.66666666666667,0.771915693381662
190,128.8,62.0,103.33333333333334,1.0404081084709358
191,128.82,42.0,70.0,0.7047925896093434
192,128.84,55.0,91.66666666666667,0.9229426768693784
193,128.86,53.0,88.33333333333334,0.8893811249832193
194,128.88,46.0,76.66666666666667,0.771915693381662
195,128.9,53.0,88.33333333333334,0.8893811249832193
196,128.92,50.0,83.33333333333334,0.8390387971539804
197,128.94,46.0,76.66666666666667,0.771915693381662
198,128.96,44.0,73.33333333333334,0.7383541414955028
199,128.98,43.0,71.66666666666667,0.7215733655524231
200,129.0,55.0,91.66666666666667,0.9229426768693784
201,129.02,58.0,96.66666666666667,0.9732850046986172
202,129.04,43.0,71.66666666666667,0.7215733655524231
203,129.06,50.0,83.33333333333334,0.8390387971539804
204,129.08,42.0,70.0,0.7047925896093434
205,129.1,46.0,76.66666666666667,0.771915693381662
206,129.12,58.0,96.66666666666667,0.9732850046986172
207,129.14,58.0,96.66666666666667,0.9732850046986172
208,129.16,58.0,96.66666666666667,0.9732850046986172
209,129.18,49.0,81.66666666666667,0.8222580212109007
210,129.2,47.0,78.33333333333334,0.7886964693247416
211,129.22,47.0,78.33333333333334,0.7886964693247416
212,129.24,57.0,95.0,0.9565042287555375
213,129.26,47.0,78.33333333333334,0.7886964693247416
214,129.28,61.0,101.66666666666667,1.023627332527856
215,129.3,60.0,100.0,1.0068465565847764
216,129.32,43.0,71.66666666666667,0.7215733655524231
217,129.34,65.0,108.33333333333334,1.0907504363001745
218,129.36,51.0,85.0,0.8558195730970599
219,129.38,53.0,88.33333333333334,0.8893811249832193
220,129.4,64.0,106.66666666666667,1.073969660357095
221,129.42,58.0,96.66666666666667,0.9732850046986172
222,129.44,45.0,75.0,0.7551349174385823
223,129.46,50.0,83.33333333333334,0.8390387971539804
224,129.48,53.0,88.33333333333334,0.8893811249832193
225,129.5,56.0,93.33333333333334,0.9397234528124581
226,129.52,46.0,76.66666666666667,0.771915693381662
227,129.54,51.0,85.0,0.8558195730970599
228,129.56,48.0,80.0,0.8054772452678212
229,129.58,46.0,76.66666666666667,0.771915693381662
230,129.6,43.0,71.66666666666667,0.7215733655524231
231,129.62,38.0,63.333333333333336,0.6376694858370251
232,129.64,53.0,88.33333333333334,0.8893811249832193
233,129.66,53.0,88.33333333333334,0.8893811249832193
234,129.68,55.0,91.66666666666667,0.9229426768693784
235,129.7,52.0,86.66666666666667,0.8726003490401396
236,129.72,43.0,71.66666666666667,0.7215733655524231
237,129.74,41.0,68.33333333333334,0.688011813666264
238,129.76,45.0,75.0,0.7551349174385823
239,129.78,60.0,100.0,1.0068465565847764
240,129.8,69.0,115.0,1.1578735400724929
241,129.82,52.0,86.66666666666667,0.8726003490401396
242,129.84,51.0,85.0,0.8558195730970599
243,129.86,52.0,86.66666666666667,0.8726003490401396
244,129.88,59.0,98.33333333333334,0.9900657806416969
245,129.9,45.0,75.0,0.7551349174385823
246,129.92,44.0,73.33333333333334,0.7383541414955028
247,129.94,43.0,71.66666666666667,0.7215733655524231
248,129.96,49.0,81.66666666666667,0.8222580212109007
249,129.98,60.0,100.0,1.0068465565847764
250,130.0,42.0,70.0,0.7047925896093434
251,130.02,41.0,68.33333333333334,0.688011813666264
252,130.04,43.0,71.66666666666667,0.7215733655524231
253,130.06,49.0,81.66666666666667,0.8222580212109007
254,130.08,59.0,98.33333333333334,0.9900657806416969
255,130.1,44.0,73.33333333333334,0.7383541414955028
256,130.12,50.0,83.33333333333334,0.8390387971539804
257,130.14,57.0,95.0,0.9565042287555375
258,130.16,50.0,83.33333333333334,0.8390387971539804
259,130.18,55.0,91.66666666666667,0.9229426768693784
260,130.2,49.0,81.66666666666667,0.8222580212109007
261,130.22,46.0,76.66666666666667,0.771915693381662
262,130.24,45.0,75.0,0.7551349174385823
263,130.26,64.0,106.66666666666667,1.073969660357095
264,130.28,40.0,66.66666666666667,0.6712310377231843
265,130.3,47.0,78.33333333333334,0.7886964693247416
266,130.32,56.0,93.33333333333334,0.9397234528124581
267,130.34,46.0,76.66666666666667,0.771915693381662
268,130.36,57.0,95.0,0.9565042287555375
269,130.38,58.0,96.66666666666667,0.9732850046986172
270,130.4,57.0,95.0,0.9565042287555375
271,130.42,56.0,93.33333333333334,0.9397234528124581
272,130.44,36.0,60.0,0.6041079339508658
273,130.46,58.0,96.66666666666667,0.9732850046986172
274,130.48,55.0,91.66666666666667,0.9229426768693784
275,130.5,55.0,91.66666666666667,0.9229426768693784
276,130.52,53.0,88.33333333333334,0.8893811249832193
277,130.54,53.0,88.33333333333334,0.8893811249832193
278,130.56,49.0,81.66666666666667,0.8222580212109007
279,130.58,55.0,91.66666666666667,0.9229426768693784
280,130.6,42.0,70.0,0.7047925896093434
281,130.62,46.0,76.66666666666667,0.771915693381662
282,130.64,49.0,81.66666666666667,0.8222580212109007
283,130.66,65.0,108.33333333333334,1.0907504363001745
284,130.68,50.0,83.33333333333334,0.8390387971539804
285,130.7,49.0,81.66666666666667,0.8222580212109007
286,130.72,59.0,98.33333333333334,0.9900657806416969
287,130.74,54.0,90.0,0.9061619009262988
288,130.76,55.0,91.66666666666667,0.9229426768693784
289,130.78,43.0,71.66666666666667,0.7215733655524231
290,130.8,36.0,60.0,0.6041079339508658
291,130.82,50.0,83.33333333333334,0.8390387971539804
292,130.84,52.0,86.66666666666667,0.8726003490401396
293,130.86,44.0,73.33333333333334,0.7383541414955028
294,130.88,54.0,90.0,0.9061619009262988
295,130.9,42.0,70.0,0.7047925896093434
296,130.92,57.0,95.0,0.9565042287555375
297,130.94,45.0,75.0,0.7551349174385823
298,130.96,51.0,85.0,0.8558195730970599
299,130.98,57.0,95.0,0.9565042287555375
300,131.0,66.0,110.0,1.1075312122432541
301,131.02,42.0,70.0,0.7047925896093434
302,131.04,53.0,88.33333333333334,0.8893811249832193
303,131.06,47.0,78.33333333333334,0.7886964693247416
304,131.08,58.0,96.66666666666667,0.9732850046986172
305,131.1,70.0,116.66666666666667,1.1746543160155725
306,131.12,51.0,85.0,0.8558195730970599
307,131.14,47.0,78.33333333333334,0.7886964693247416
308,131.16,68.0,113.33333333333334,1.1410927641294133
309,131.18,57.0,95.0,0.9565042287555375
310,131.2,42.0,70.0,0.7047925896093434
311,131.22,53.0,88.33333333333334,0.8893811249832193
312,131.24,45.0,75.0,0.7551349174385823
313,131.26,39.0,65.0,0.6544502617801047
314,131.28,58.0,96.66666666666667,0.9732850046986172
315,131.3,64.0,106.66666666666667,1.073969660357095
316,131.32,50.0,83.33333333333334,0.8390387971539804
317,131.34,51.0,85.0,0.8558195730970599
318,131.36,50.0,83.33333333333334,0.8390387971539804
319,131.38,57.0,95.0,0.9565042287555375
320,131.4,48.0,80.0,0.8054772452678212
321,131.42,57.0,95.0,0.9565042287555375
322,131.44,46.0,76.66666666666667,0.771915693381662
323,131.46,44.0,73.33333333333334,0.7383541414955028
324,131.48,53.0,88.33333333333334,0.8893811249832193
325,131.5,49.0,81.66666666666667,0.8222580212109007
326,131.52,48.0,80.0,0.8054772452678212
327,131.54,59.0,98.33333333333334,0.9900657806416969
328,131.56,56.0,93.33333333333334,0.9397234528124581
329,131.58,50.0,83.33333333333334,0.8390387971539804
330,131.6,51.0,85.0,0.8558195730970599
331,131.62,48.0,80.0,0.8054772452678212
332,131.64,51.0,85.0,0.8558195730970599
333,131.66,51.0,85.0,0.8558195730970599
334,131.68,53.0,88.33333333333334,0.8893811249832193
335,131.7,49.0,81.66666666666667,0.8222580212109007
336,131.72,56.0,93.33333333333334,0.9397234528124581
337,131.74,53.0,88.33333333333334,0.8893811249832193
338,131.76,63.0,105.0,1.0571888844140152
339,131.78,56.0,93.33333333333334,0.9397234528124581
340,131.8,46.0,76.66666666666667,0.771915693381662
341,131.82,59.0,98.33333333333334,0.9900657806416969
342,131.84,42.0,70.0,0.7047925896093434
343,131.86,60.0,100.0,1.0068465565847764
344,131.88,53.0,88.33333333333334,0.8893811249832193
345,131.9,49.0,81.66666666666667,0.8222580212109007
346,131.92,46.0,76.66666666666667,0.771915693381662
347,131.94,45.0,75.0,0.7551349174385823
348,131.96,41.0,68.33333333333334,0.688011813666264
349,131.98,53.0,88.33333333333334,0.8893811249832193
350,132.0,47.0,78.33333333333334,0.7886964693247416
351,132.02,47.0,78.33333333333334,0.7886964693247416
352,132.04,38.0,63.333333333333336,0.6376694858370251
353,132.06,52.0,86.66666666666667,0.8726003490401396
354,132.08,57.0,95.0,0.9565042287555375
355,132.1,40.0,66.66666666666667,0.6712310377231843
356,132.12,48.0,80.0,0.8054772452678212
357,132.14,51.0,85.0,0.8558195730970599
358,132.16,51.0,85.0,0.8558195730970599
359,132.18,44.0,73.33333333333334,0.7383541414955028
360,132.2,57.0,95.0,0.9565042287555375
361,132.22,48.0,80.0,0.8054772452678212
362,132.24,54.0,90.0,0.9061619009262988
363,132.26,53.0,88.33333333333334,0.8893811249832193
364,132.28,48.0,80.0,0.8054772452678212
365,132.3,40.0,66.66666666666667,0.6712310377231843
366,132.32,44.0,73.33333333333334,0.7383541414955028
367,132.34,41.0,68.33333333333334,0.688011813666264
368,132.36,41.0,68.33333333333334,0.688011813666264
369,132.38,56.0,93.33333333333334,0.9397234528124581
370,132.4,57.0,95.0,0.9565042287555375
371,132.42,56.0,93.33333333333334,0.9397234528124581
372,132.44,49.0,81.66666666666667,0.8222580212109007
373,132.46,51.0,85.0,0.8558195730970599
374,132.48,49.0,81.66666666666667,0.8222580212109007
375,132.5,59.0,98.33333333333334,0.9900657806416969
376,132.52,49.0,81.66666666666667,0.8222580212109007
377,132.54,48.0,80.0,0.8054772452678212
378,132.56,47.0,78.33333333333334,0.7886964693247416
379,132.58,44.0,73.33333333333334,0.7383541414955028
380,132.6,52.0,86.66666666666667,0.8726003490401396
381,132.62,35.0,58.333333333333336,0.5873271580077862
382,132.64,38.0,63.333333333333336,0.6376694858370251
383,132.66,37.0,61.66666666666667,0.6208887098939455
384,132.68,57.0,95.0,0.9565042287555375
385,132.7,46.0,76.66666666666667,0.771915693381662
386,132.72,47.0,78.33333333333334,0.7886964693247416
387,132.74,50.0,83.33333333333334,0.8390387971539804
388,132.76,46.0,76.66666666666667,0.771915693381662
389,132.78,43.0,71.66666666666667,0.7215733655524231
390,132.8,59.0,98.33333333333334,0.9900657806416969
391,132.82,49.0,81.66666666666667,0.8222580212109007
392,132.84,50.0,83.33333333333334,0.8390387971539804
393,132.86,47.0,78.33333333333334,0.7886964693247416
394,132.88,50.0,83.33333333333334,0.8390387971539804
395,132.9,64.0,106.66666666666667,1.073969660357095
396,132.92,56.0,93.33333333333334,0.9397234528124581
397,132.94,60.0,100.0,1.0068465565847764
398,132.96,64.0,106.66666666666667,1.073969660357095
399,132.98,46.0,76.66666666666667,0.771915693381662
400,133.0,54.0,90.0,0.9061619009262988
401,133.02,42.0,70.0,0.7047925896093434
402,133.04,46.0,76.66666666666667,0.771915693381662
403,133.06,47.0,78.33333333333334,0.7886964693247416
404,133.08,45.0,75.0,0.7551349174385823
405,133.1,48.0,80.0,0.8054772452678212
406,133.12,49.0,81.66666666666667,0.8222580212109007
407,133.14,39.0,65.0,0.6544502617801047
408,133.16,55.0,91.66666666666667,0.9229426768693784
409,133.18,54.0,90.0,0.9061619009262988
410,133.2,55.0,91.66666666666667,0.9229426768693784
411,133.22,45.0,75.0,0.7551349174385823
412,133.24,38.0,63.333333333333336,0.6376694858370251
413,133.26,39.0,65.0,0.6544502617801047
414,133.28,41.0,68.33333333333334,0.688011813666264
415,133.3,53.0,88.33333333333334,0.8893811249832193
416,133.32,43.0,71.66666666666667,0.7215733655524231
417,133.34,56.0,93.33333333333334,0.9397234528124581
418,133.36,50.0,83.33333333333334,0.8390387971539804
419,133.38,47.0,78.33333333333334,0.7886964693247416
420,133.4,39.0,65.0,0.6544502617801047
421,133.42,54.0,90.0,0.9061619009262988
422,133.44,37.0,61.66666666666667,0.6208887098939455
423,133.46,55.0,91.66666666666667,0.9229426768693784
424,133.48,47.0,78.33333333333334,0.7886964693247416
425,133.5,49.0,81.66666666666667,0.8222580212109007
426,133.52,43.0,71.66666666666667,0.7215733655524231
427,133.54,38.0,63.333333333333336,0.6376694858370251
428,133.56,57.0,95.0,0.9565042287555375
429,133.58,44.0,73.33333333333334,0.7383541414955028
430,133.6,57.0,95.0,0.9565042287555375
431,133.62,50.0,83.33333333333334,0.8390387971539804
432,133.64,45.0,75.0,0.7551349174385823
433,133.66,50.0,83.33333333333334,0.8390387971539804
434,133.68,41.0,68.33333333333334,0.688011813666264
435,133.7,47.0,78.33333333333334,0.7886964693247416
436,133.72,54.0,90.0,0.9061619009262988
437,133.74,73.0,121.66666666666667,1.2249966438448114
438,133.76,43.0,71.66666666666667,0.7215733655524231
439,133.78,50.0,83.33333333333334,0.8390387971539804
440,133.8,50.0,83.33333333333334,0.8390387971539804
441,133.82,52.0,86.66666666666667,0.8726003490401396
442,133.84,60.0,100.0,1.0068465565847764
443,133.86,41.0,68.33333333333334,0.688011813666264
444,133.88,38.0,63.333333333333336,0.6376694858370251
445,133.9,44.0,73.33333333333334,0.7383541414955028
446,133.92,47.0,78.33333333333334,0.7886964693247416
447,133.94,48.0,80.0,0.8054772452678212
448,133.96,50.0,83.33333333333334,0.8390387971539804
449,133.98,56.0,93.33333333333334,0.9397234528124581
450,134.0,44.0,73.33333333333334,0.7383541414955028
451,134.02,42.0,70.0,0.7047925896093434
452,134.04,50.0,83.33333333333334,0.8390387971539804
453,134.06,37.0,61.66666666666667,0.6208887098939455
454,134.08,39.0,65.0,0.6544502617801047
455,134.1,54.0,90.0,0.9061619009262988
456,134.12,43.0,71.66666666666667,0.7215733655524231
457,134.14,54.0,90.0,0.9061619009262988
458,134.16,56.0,93.33333333333334,0.9397234528124581
459,134.18,63.0,105.0,1.0571888844140152
460,134.2,49.0,81.66666666666667,0.8222580212109007
461,134.22,60.0,100.0,1.0068465565847764
462,134.24,44.0,73.33333333333334,0.7383541414955028
463,134.26,48.0,80.0,0.8054772452678212
464,134.28,60.0,100.0,1.0068465565847764
465,134.3,64.0,106.66666666666667,1.073969660357095
466,134.32,68.0,113.33333333333334,1.1410927641294133
467,134.34,58.0,96.66666666666667,0.9732850046986172
468,134.36,51.0,85.0,0.8558195730970599
469,134.38,60.0,100.0,1.0068465565847764
470,134.4,36.0,60.0,0.6041079339508658
471,134.42,56.0,93.33333333333334,0.9397234528124581
472,134.44,46.0,76.66666666666667,0.771915693381662
473,134.46,39.0,65.0,0.6544502617801047
474,134.48,44.0,73.33333333333334,0.7383541414955028
475,134.5,53.0,88.33333333333334,0.8893811249832193
476,134.52,59.0,98.33333333333334,0.9900657806416969
477,134.54,46.0,76.66666666666667,0.771915693381662
478,134.56,46.0,76.66666666666667,0.771915693381662
479,134.58,40.0,66.66666666666667,0.6712310377231843
480,134.6,52.0,86.66666666666667,0.8726003490401396
481,134.62,56.0,93.33333333333334,0.9397234528124581
482,134.64,40.0,66.66666666666667,0.6712310377231843
483,134.66,57.0,95.0,0.9565042287555375
484,134.68,49.0,81.66666666666667,0.8222580212109007
485,134.7,32.0,53.333333333333336,0.5369848301785475
486,134.72,39.0,65.0,0.6544502617801047
487,134.74,55.0,91.66666666666667,0.9229426768693784
488,134.76,49.0,81.66666666666667,0.8222580212109007
489,134.78,55.0,91.66666666666667,0.9229426768693784
490,134.8,46.0,76.66666666666667,0.771915693381662
491,134.82,53.0,88.33333333333334,0.8893811249832193
492,134.84,53.0,88.33333333333334,0.8893811249832193
493,134.86,43.0,71.66666666666667,0.7215733655524231
494,134.88,63.0,105.0,1.0571888844140152
495,134.9,43.0,71.66666666666667,0.7215733655524231
496,134.92,55.0,91.66666666666667,0.9229426768693784
497,134.94,51.0,85.0,0.8558195730970599
498,134.96,41.0,68.33333333333334,0.688011813666264
499,134.98,46.0,76.66666666666667,0.771915693381662
500,135.0,45.0,75.0,0.7551349174385823
501,135.02,55.0,91.66666666666667,0.9229426768693784
502,135.04,43.0,71.66666666666667,0.7215733655524231
503,135.06,57.0,95.0,0.9565042287555375
504,135.08,48.0,80.0,0.8054772452678212
505,135.1,54.0,90.0,0.9061619009262988
506,135.12,49.0,81.66666666666667,0.8222580212109007
507,135.14,41.0,68.33333333333334,0.688011813666264
508,135.16,57.0,95.0,0.9565042287555375
509,135.18,43.0,71.66666666666667,0.7215733655524231
510,135.2,53.0,88.33333333333334,0.8893811249832193
511,135.22,55.0,91.66666666666667,0.9229426768693784
512,135.24,49.0,81.66666666666667,0.8222580212109007
513,135.26,53.0,88.33333333333334,0.8893811249832193
514,135.28,51.0,85.0,0.8558195730970599
515,135.3,42.0,70.0,0.7047925896093434
516,135.32,51.0,85.0,0.8558195730970599
517,135.34,49.0,81.66666666666667,0.8222580212109007
518,135.36,49.0,81.66666666666667,0.8222580212109007
519,135.38,36.0,60.0,0.6041079339508658
520,135.4,62.0,103.33333333333334,1.0404081084709358
521,135.42,46.0,76.66666666666667,0.771915693381662
522,135.44,64.0,106.66666666666667,1.073969660357095
523,135.46,49.0,81.66666666666667,0.8222580212109007
524,135.48,53.0,88.33333333333334,0.8893811249832193
525,135.5,67.0,111.66666666666667,1.1243119881863337
526,135.52,60.0,100.0,1.0068465565847764
527,135.54,50.0,83.33333333333334,0.8390387971539804
528,135.56,66.0,110.0,1.1075312122432541
529,135.58,47.0,78.33333333333334,0.7886964693247416
530,135.6,52.0,86.66666666666667,0.8726003490401396
531,135.62,57.0,95.0,0.9565042287555375
532,135.64,54.0,90.0,0.9061619009262988
533,135.66,52.0,86.66666666666667,0.8726003490401396
534,135.68,53.0,88.33333333333334,0.8893811249832193
535,135.7,47.0,78.33333333333334,0.7886964693247416
536,135.72,53.0,88.33333333333334,0.8893811249832193
537,135.74,65.0,108.33333333333334,1.0907504363001745
538,135.76,64.0,106.66666666666667,1.073969660357095
539,135.78,52.0,86.66666666666667,0.8726003490401396
540,135.8,51.0,85.0,0.8558195730970599
541,135.82,50.0,83.33333333333334,0.8390387971539804
542,135.84,51.0,85.0,0.8558195730970599
543,135.86,48.0,80.0,0.8054772452678212
544,135.88,47.0,78.33333333333334,0.7886964693247416
545,135.9,61.0,101.66666666666667,1.023627332527856
546,135.92,54.0,90.0,0.9061619009262988
547,135.94,55.0,91.66666666666667,0.9229426768693784
548,135.96,51.0,85.0,0.8558195730970599
549,135.98,58.0,96.66666666666667,0.9732850046986172
550,136.0,58.0,96.66666666666667,0.9732850046986172
551,136.02,60.0,100.0,1.0068465565847764
552,136.04,48.0,80.0,0.8054772452678212
553,136.06,62.0,103.33333333333334,1.0404081084709358
554,136.08,40.0,66.66666666666667,0.6712310377231843
555,136.1,49.0,81.66666666666667,0.8222580212109007
556,136.12,41.0,68.33333333333334,0.688011813666264
557,136.14,52.0,86.66666666666667,0.8726003490401396
558,136.16,50.0,83.33333333333334,0.8390387971539804
559,136.18,73.0,121.66666666666667,1.2249966438448114
560,136.2,47.0,78.33333333333334,0.7886964693247416
561,136.22,45.0,75.0,0.7551349174385823
562,136.24,58.0,96.66666666666667,0.9732850046986172
563,136.26,47.0,78.33333333333334,0.7886964693247416
564,136.28,51.0,85.0,0.8558195730970599
565,136.3,50.0,83.33333333333334,0.8390387971539804
566,136.32,56.0,93.33333333333334,0.9397234528124581
567,136.34,73.0,121.66666666666667,1.2249966438448114
568,136.36,55.0,91.66666666666667,0.9229426768693784
569,136.38,52.0,86.66666666666667,0.8726003490401396
570,136.4,52.0,86.66666666666667,0.8726003490401396
571,136.42,59.0,98.33333333333334,0.9900657806416969
572,136.44,51.0,85.0,0.8558195730970599
573,136.46,74.0,123.33333333333334,1.241777419787891
574,136.48,54.0,90.0,0.9061619009262988
575,136.5,47.0,78.33333333333334,0.7886964693247416
576,136.52,57.0,95.0,0.9565042287555375
577,136.54,58.0,96.66666666666667,0.9732850046986172
578,136.56,72.0,120.0,1.2082158679017316
579,136.58,62.0,103.33333333333334,1.0404081084709358
580,136.6,39.0,65.0,0.6544502617801047
581,136.62,52.0,86.66666666666667,0.8726003490401396
582,136.64,61.0,101.66666666666667,1.023627332527856
583,136.66,52.0,86.66666666666667,0.8726003490401396
584,136.68,64.0,106.66666666666667,1.073969660357095
585,136.7,73.0,121.66666666666667,1.2249966438448114
586,136.72,55.0,91.66666666666667,0.9229426768693784
587,136.74,71.0,118.33333333333334,1.1914350919586523
588,136.76,47.0,78.33333333333334,0.7886964693247416
589,136.78,66.0,110.0,1.1075312122432541
590,136.8,38.0,63.333333333333336,0.6376694858370251
591,136.82,59.0,98.33333333333334,0.9900657806416969
592,136.84,66.0,110.0,1.1075312122432541
593,136.86,52.0,86.66666666666667,0.8726003490401396
594,136.88,57.0,95.0,0.9565042287555375
595,136.9,58.0,96.66666666666667,0.9732850046986172
596,136.92,65.0,108.33333333333334,1.0907504363001745
597,136.94,52.0,86.66666666666667,0.8726003490401396
598,136.96,65.0,108.33333333333334,1.0907504363001745
599,136.98,58.0,96.66666666666667,0.9732850046986172
600,137.0,57.0,95.0,0.9565042287555375
601,137.02,54.0,90.0,0.9061619009262988
602,137.04,74.0,123.33333333333334,1.241777419787891
603,137.06,52.0,86.66666666666667,0.8726003490401396
604,137.08,64.0,106.66666666666667,1.073969660357095
605,137.1,62.0,103.33333333333334,1.0404081084709358
606,137.12,63.0,105.0,1.0571888844140152
607,137.14,66.0,110.0,1.1075312122432541
608,137.16,61.0,101.66666666666667,1.023627332527856
609,137.18,62.0,103.33333333333334,1.0404081084709358
610,137.2,63.0,105.0,1.0571888844140152
611,137.22,57.0,95.0,0.9565042287555375
612,137.24,66.0,110.0,1.1075312122432541
613,137.26,53.0,88.33333333333334,0.8893811249832193
614,137.28,67.0,111.66666666666667,1.1243119881863337
615,137.3,66.0,110.0,1.1075312122432541
616,137.32,58.0,96.66666666666667,0.9732850046986172
617,137.34,70.0,116.66666666666667,1.1746543160155725
618,137.36,73.0,121.66666666666667,1.2249966438448114
619,137.38,48.0,80.0,0.8054772452678212
620,137.4,61.0,101.66666666666667,1.023627332527856
621,137.42,61.0,101.66666666666667,1.023627332527856
622,137.44,67.0,111.66666666666667,1.1243119881863337
623,137.46,61.0,101.66666666666667,1.023627332527856
624,137.48,69.0,115.0,1.1578735400724929
625,137.5,63.0,105.0,1.0571888844140152
626,137.52,60.0,100.0,1.0068465565847764
627,137.54,56.0,93.33333333333334,0.9397234528124581
628,137.56,79.0,131.66666666666669,1.3256812995032892
629,137.58,56.0,93.33333333333334,0.9397234528124581
630,137.6,64.0,106.66666666666667,1.073969660357095
631,137.62,55.0,91.66666666666667,0.9229426768693784
632,137.64,53.0,88.33333333333334,0.8893811249832193
633,137.66,69.0,115.0,1.1578735400724929
634,137.68,65.0,108.33333333333334,1.0907504363001745
635,137.7,41.0,68.33333333333334,0.688011813666264
636,137.72,66.0,110.0,1.1075312122432541
637,137.74,76.0,126.66666666666667,1.2753389716740502
638,137.76,64.0,106.66666666666667,1.073969660357095
639,137.78,65.0,108.33333333333334,1.0907504363001745
640,137.8,65.0,108.33333333333334,1.0907504363001745
641,137.82,57.0,95.0,0.9565042287555375
642,137.84,61.0,101.66666666666667,1.023627332527856
643,137.86,72.0,120.0,1.2082158679017316
644,137.88,76.0,126.66666666666667,1.2753389716740502
645,137.9,60.0,100.0,1.0068465565847764
646,137.92,55.0,91.66666666666667,0.9229426768693784
647,137.94,63.0,105.0,1.0571888844140152
648,137.96,67.0,111.66666666666667,1.1243119881863337
649,137.98,60.0,100.0,1.0068465565847764
650,138.0,45.0,75.0,0.7551349174385823
651,138.02,63.0,105.0,1.0571888844140152
652,138.04,74.0,123.33333333333334,1.241777419787891
653,138.06,79.0,131.66666666666669,1.3256812995032892
654,138.08,72.0,120.0,1.2082158679017316
655,138.1,58.0,96.66666666666667,0.9732850046986172
656,138.12,78.0,130.0,1.3089005235602094
657,138.14,66.0,110.0,1.1075312122432541
658,138.16,61.0,101.66666666666667,1.023627332527856
659,138.18,72.0,120.0,1.2082158679017316
660,138.2,68.0,113.33333333333334,1.1410927641294133
661,138.22,74.0,123.33333333333334,1.241777419787891
662,138.24,69.0,115.0,1.1578735400724929
663,138.26,74.0,123.33333333333334,1.241777419787891
664,138.28,64.0,106.66666666666667,1.073969660357095
665,138.3,72.0,120.0,1.2082158679017316
666,138.32,83.0,138.33333333333334,1.3928044032756075
667,138.34,66.0,110.0,1.1075312122432541
668,138.36,88.0,146.66666666666669,1.4767082829910056
669,138.38,70.0,116.66666666666667,1.1746543160155725
670,138.4,60.0,100.0,1.0068465565847764
671,138.42,76.0,126.66666666666667,1.2753389716740502
672,138.44,68.0,113.33333333333334,1.1410927641294133
673,138.46,57.0,95.0,0.9565042287555375
674,138.48,76.0,126.66666666666667,1.2753389716740502
675,138.5,78.0,130.0,1.3089005235602094
676,138.52,78.0,130.0,1.3089005235602094
677,138.54,68.0,113.33333333333334,1.1410927641294133
678,138.56,83.0,138.33333333333334,1.3928044032756075
679,138.58,84.0,140.0,1.4095851792186869
680,138.6,77.0,128.33333333333334,1.2921197476171298
681,138.62,66.0,110.0,1.1075312122432541
682,138.64,60.0,100.0,1.0068465565847764
683,138.66,78.0,130.0,1.3089005235602094
684,138.68,77.0,128.33333333333334,1.2921197476171298
685,138.7,84.0,140.0,1.4095851792186869
686,138.72,68.0,113.33333333333334,1.1410927641294133
687,138.74,75.0,125.0,1.2585581957309706
688,138.76,65.0,108.33333333333334,1.0907504363001745
689,138.78,79.0,131.66666666666669,1.3256812995032892
690,138.8,70.0,116.66666666666667,1.1746543160155725
691,138.82,82.0,136.66666666666669,1.376023627332528
692,138.84,80.0,133.33333333333334,1.3424620754463685
693,138.86,76.0,126.66666666666667,1.2753389716740502
694,138.88,76.0,126.66666666666667,1.2753389716740502
695,138.9,66.0,110.0,1.1075312122432541
696,138.92,81.0,135.0,1.3592428513894481
697,138.94,63.0,105.0,1.0571888844140152
698,138.96,80.0,133.33333333333334,1.3424620754463685
699,138.98,74.0,123.33333333333334,1.241777419787891
700,139.0,71.0,118.33333333333334,1.1914350919586523
701,139.02,69.0,115.0,1.1578735400724929
702,139.04,75.0,125.0,1.2585581957309706
703,139.06,76.0,126.66666666666667,1.2753389716740502
704,139.08,77.0,128.33333333333334,1.2921197476171298
705,139.1,80.0,133.33333333333334,1.3424620754463685
706,139.12,72.0,120.0,1.2082158679017316
707,139.14,82.0,136.66666666666669,1.376023627332528
708,139.16,77.0,128.33333333333334,1.2921197476171298
709,139.18,92.0,153.33333333333334,1.543831386763324
710,139.2,68.0,113.33333333333334,1.1410927641294133
711,139.22,80.0,133.33333333333334,1.3424620754463685
712,139.24,111.0,185.0,1.8626661296818363
713,139.26,89.0,148.33333333333334,1.493489058934085
714,139.28,83.0,138.33333333333334,1.3928044032756075
715,139.3,76.0,126.66666666666667,1.2753389716740502
716,139.32,82.0,136.66666666666669,1.376023627332528
717,139.34,81.0,135.0,1.3592428513894481
718,139.36,83.0,138.33333333333334,1.3928044032756075
719,139.38,90.0,150.0,1.5102698348771646
720,139.4,67.0,111.66666666666667,1.1243119881863337
721,139.42,88.0,146.66666666666669,1.4767082829910056
722,139.44,86.0,143.33333333333334,1.4431467311048463
723,139.46,89.0,148.33333333333334,1.493489058934085
724,139.48,62.0,103.33333333333334,1.0404081084709358
725,139.5,66.0,110.0,1.1075312122432541
726,139.52,84.0,140.0,1.4095851792186869
727,139.54,86.0,143.33333333333334,1.4431467311048463
728,139.56,92.0,153.33333333333334,1.543831386763324
729,139.58,72.0,120.0,1.2082158679017316
730,139.6,78.0,130.0,1.3089005235602094
731,139.62,75.0,125.0,1.2585581957309706
732,139.64,87.0,145.0,1.4599275070479258
733,139.66,76.0,126.66666666666667,1.2753389716740502
734,139.68,78.0,130.0,1.3089005235602094
735,139.7,87.0,145.0,1.4599275070479258
736,139.72,87.0,145.0,1.4599275070479258
737,139.74,87.0,145.0,1.4599275070479258
738,139.76,97.0,161.66666666666669,1.6277352664787221
739,139.78,74.0,123.33333333333334,1.241777419787891
740,139.8,91.0,151.66666666666669,1.5270506108202444
741,139.82,71.0,118.33333333333334,1.1914350919586523
742,139.84,88.0,146.66666666666669,1.4767082829910056
743,139.86,81.0,135.0,1.3592428513894481
744,139.88,95.0,158.33333333333334,1.5941737145925627
745,139.9,93.0,155.0,1.5606121627064033
746,139.92,98.0,163.33333333333334,1.6445160424218015
747,139.94,70.0,116.66666666666667,1.1746543160155725
748,139.96,69.0,115.0,1.1578735400724929
749,139.98,77.0,128.33333333333334,1.2921197476171298
750,140.0,102.0,170.0,1.7116391461941198
751,140.02,91.0,151.66666666666669,1.5270506108202444
752,140.04,86.0,143.33333333333334,1.4431467311048463
753,140.06,80.0,133.33333333333334,1.3424620754463685
754,140.08,77.0,128.33333333333334,1.2921197476171298
755,140.1,94.0,156.66666666666669,1.5773929386494832
756,140.12,99.0,165.0,1.661296818364881
757,140.14,94.0,156.66666666666669,1.5773929386494832
758,140.16,84.0,140.0,1.4095851792186869
759,140.18,80.0,133.33333333333334,1.3424620754463685
760,140.2,101.0,168.33333333333334,1.6948583702510405
761,140.22,80.0,133.33333333333334,1.3424620754463685
762,140.24,79.0,131.66666666666669,1.3256812995032892
763,140.26,75.0,125.0,1.2585581957309706
764,140.28,85.0,141.66666666666669,1.4263659551617667
765,140.3,95.0,158.33333333333334,1.5941737145925627
766,140.32,104.0,173.33333333333334,1.7452006980802792
767,140.34,90.0,150.0,1.5102698348771646
768,140.36,88.0,146.66666666666669,1.4767082829910056
769,140.38,78.0,130.0,1.3089005235602094
770,140.4,89.0,148.33333333333334,1.493489058934085
771,140.42,78.0,130.0,1.3089005235602094
772,140.44,95.0,158.33333333333334,1.5941737145925627
773,140.46,109.0,181.66666666666669,1.8291045777956774
774,140.48,96.0,160.0,1.6109544905356423
775,140.5,91.0,151.66666666666669,1.5270506108202444
776,140.52,91.0,151.66666666666669,1.5270506108202444
777,140.54,89.0,148.33333333333334,1.493489058934085
778,140.56,94.0,156.66666666666669,1.5773929386494832
779,140.58,98.0,163.33333333333334,1.6445160424218015
780,140.6,105.0,175.0,1.7619814740233588
781,140.62,100.0,166.66666666666669,1.6780775943079609
782,140.64,111.0,185.0,1.8626661296818363
783,140.66,96.0,160.0,1.6109544905356423
784,140.68,101.0,168.33333333333334,1.6948583702510405
785,140.7,109.0,181.66666666666669,1.8291045777956774
786,140.72,97.0,161.66666666666669,1.6277352664787221
787,140.74,91.0,151.66666666666669,1.5270506108202444
788,140.76,107.0,178.33333333333334,1.795543025909518
789,140.78,95.0,158.33333333333334,1.5941737145925627
790,140.8,105.0,175.0,1.7619814740233588
791,140.82,102.0,170.0,1.7116391461941198
792,140.84,89.0,148.33333333333334,1.493489058934085
793,140.86,95.0,158.33333333333334,1.5941737145925627
794,140.88,91.0,151.66666666666669,1.5270506108202444
795,140.9,95.0,158.33333333333334,1.5941737145925627
796,140.92,98.0,163.33333333333334,1.6445160424218015
797,140.94,95.0,158.33333333333334,1.5941737145925627
798,140.96,85.0,141.66666666666669,1.4263659551617667
799,140.98,108.0,180.0,1.8123238018525976
800,141.0,114.0,190.0,1.913008457511075
801,141.02,105.0,175.0,1.7619814740233588
802,141.04,99.0,165.0,1.661296818364881
803,141.06,107.0,178.33333333333334,1.795543025909518
804,141.08,106.0,176.66666666666669,1.7787622499664386
805,141.1,99.0,165.0,1.661296818364881
806,141.12,121.0,201.66666666666669,2.0304738891126326
807,141.14,91.0,151.66666666666669,1.5270506108202444
808,141.16,97.0,161.66666666666669,1.6277352664787221
809,141.18,102.0,170.0,1.7116391461941198
810,141.2,112.0,186.66666666666669,1.8794469056249161
811,141.22,120.0,200.0,2.013693113169553
812,141.24,91.0,151.66666666666669,1.5270506108202444
813,141.26,107.0,178.33333333333334,1.795543025909518
814,141.28,102.0,170.0,1.7116391461941198
815,141.3,112.0,186.66666666666669,1.8794469056249161
816,141.32,119.0,198.33333333333334,1.9969123372264732
817,141.34,114.0,190.0,1.913008457511075
818,141.36,123.0,205.0,2.0640354409987918
819,141.38,95.0,158.33333333333334,1.5941737145925627
820,141.4,117.0,195.0,1.963350785340314
821,141.42,109.0,181.66666666666669,1.8291045777956774
822,141.44,102.0,170.0,1.7116391461941198
823,141.46,120.0,200.0,2.013693113169553
824,141.48,106.0,176.66666666666669,1.7787622499664386
825,141.5,105.0,175.0,1.7619814740233588
826,141.52,125.0,208.33333333333334,2.097596992884951
827,141.54,102.0,170.0,1.7116391461941198
828,141.56,115.0,191.66666666666669,1.9297892334541549
829,141.58,120.0,200.0,2.013693113169553
830,141.6,116.0,193.33333333333334,1.9465700093972345
831,141.62,113.0,188.33333333333334,1.8962276815679957
832,141.64,137.0,228.33333333333334,2.2989663042019064
833,141.66,97.0,161.66666666666669,1.6277352664787221
834,141.68,110.0,183.33333333333334,1.8458853537387567
835,141.7,141.0,235.0,2.3660894079742247
836,141.72,132.0,220.0,2.2150624244865083
837,141.74,120.0,200.0,2.013693113169553
838,141.76,143.0,238.33333333333334,2.399650959860384
839,141.78,118.0,196.66666666666669,1.9801315612833938
840,141.8,120.0,200.0,2.013693113169553
841,141.82,119.0,198.33333333333334,1.9969123372264732
842,141.84,129.0,215.0,2.1647200966572693
843,141.86,133.0,221.66666666666669,2.231843200429588
844,141.88,140.0,233.33333333333334,2.349308632031145
845,141.9,140.0,233.33333333333334,2.349308632031145
846,141.92,125.0,208.33333333333334,2.097596992884951
847,141.94,155.0,258.33333333333337,2.6010202711773394
848,141.96,118.0,196.66666666666669,1.9801315612833938
849,141.98,146.0,243.33333333333334,2.449993287689623
850,142.0,134.0,223.33333333333334,2.2486239763726674
851,142.02,143.0,238.33333333333334,2.399650959860384
852,142.04,142.0,236.66666666666669,2.3828701839173045
853,142.06,128.0,213.33333333333334,2.14793932071419
854,142.08,165.0,275.0,2.768828030608135
855,142.1,119.0,198.33333333333334,1.9969123372264732
856,142.12,121.0,201.66666666666669,2.0304738891126326
857,142.14,126.0,210.0,2.1143777688280303
858,142.16,149.0,248.33333333333334,2.5003356155188614
859,142.18,140.0,233.33333333333334,2.349308632031145
860,142.2,155.0,258.33333333333337,2.6010202711773394
861,142.22,126.0,210.0,2.1143777688280303
862,142.24,125.0,208.33333333333334,2.097596992884951
863,142.26,141.0,235.0,2.3660894079742247
864,142.28,148.0,246.66666666666669,2.483554839575782
865,142.3,145.0,241.66666666666669,2.433212511746543
866,142.32,163.0,271.6666666666667,2.735266478721976
867,142.34,140.0,233.33333333333334,2.349308632031145
868,142.36,146.0,243.33333333333334,2.449993287689623
869,142.38,130.0,216.66666666666669,2.181500872600349
870,142.4,174.0,290.0,2.9198550140958517
871,142.42,148.0,246.66666666666669,2.483554839575782
872,142.44,152.0,253.33333333333334,2.5506779433481004
873,142.46,114.0,190.0,1.913008457511075
874,142.48,178.0,296.6666666666667,2.98697811786817
875,142.5,141.0,235.0,2.3660894079742247
876,142.52,180.0,300.0,3.020539669754329
877,142.54,164.0,273.33333333333337,2.752047254665056
878,142.56,155.0,258.33333333333337,2.6010202711773394
879,142.58,140.0,233.33333333333334,2.349308632031145
880,142.6,169.0,281.6666666666667,2.8359511343804535
881,142.62,146.0,243.33333333333334,2.449993287689623
882,142.64,171.0,285.0,2.8695126862666127
883,142.66,178.0,296.6666666666667,2.98697811786817
884,142.68,158.0,263.33333333333337,2.6513625990065783
885,142.7,176.0,293.33333333333337,2.9534165659820113
886,142.72,193.0,321.6666666666667,3.2386897570143645
887,142.74,180.0,300.0,3.020539669754329
888,142.76,180.0,300.0,3.020539669754329
889,142.78,185.0,308.33333333333337,3.104443549469728
890,142.8,172.0,286.6666666666667,2.8862934622096925
891,142.82,190.0,316.6666666666667,3.1883474291851255
892,142.84,175.0,291.6666666666667,2.9366357900389315
893,142.86,183.0,305.0,3.070881997583568
894,142.88,169.0,281.6666666666667,2.8359511343804535
895,142.9,182.0,303.33333333333337,3.054101221640489
896,142.92,185.0,308.33333333333337,3.104443549469728
897,142.94,183.0,305.0,3.070881997583568
898,142.96,192.0,320.0,3.2219089810712846
899,142.98,192.0,320.0,3.2219089810712846
900,143.0,174.0,290.0,2.9198550140958517
901,143.02,189.0,315.0,3.1715666532420457
902,143.04,183.0,305.0,3.070881997583568
903,143.06,198.0,330.0,3.322593636729762
904,143.08,208.0,346.6666666666667,3.4904013961605584
905,143.1,207.0,345.0,3.4736206202174786
906,143.12,220.0,366.6666666666667,3.6917707074775135
907,143.14,220.0,366.6666666666667,3.6917707074775135
908,143.16,192.0,320.0,3.2219089810712846
909,143.18,200.0,333.33333333333337,3.3561551886159218
910,143.2,207.0,345.0,3.4736206202174786
911,143.22,218.0,363.33333333333337,3.6582091555913547
912,143.24,220.0,366.6666666666667,3.6917707074775135
913,143.26,212.0,353.33333333333337,3.5575244999328772
914,143.28,206.0,343.33333333333337,3.4568398442743993
915,143.3,202.0,336.6666666666667,3.389716740502081
916,143.32,205.0,341.6666666666667,3.4400590683313195
917,143.34,239.0,398.33333333333337,4.010605450396026
918,143.36,208.0,346.6666666666667,3.4904013961605584
919,143.38,235.0,391.6666666666667,3.943482346623708
920,143.4,262.0,436.6666666666667,4.396563297086857
921,143.42,211.0,351.6666666666667,3.5407437239897974
922,143.44,247.0,411.6666666666667,4.144851657940663
923,143.46,244.0,406.6666666666667,4.094509330111424
924,143.48,252.0,420.0,4.228755537656061
925,143.5,240.0,400.0,4.027386226339106
926,143.52,248.0,413.33333333333337,4.161632433883743
927,143.54,252.0,420.0,4.228755537656061
928,143.56,265.0,441.6666666666667,4.446905624916096
929,143.58,246.0,410.0,4.1280708819975835
930,143.6,237.0,395.0,3.9770438985098666
931,143.62,266.0,443.33333333333337,4.463686400859176
932,143.64,253.0,421.6666666666667,4.245536313599141
933,143.66,266.0,443.33333333333337,4.463686400859176
934,143.68,247.0,411.6666666666667,4.144851657940663
935,143.7,258.0,430.0,4.3294401933145386
936,143.72,299.0,498.33333333333337,5.017452006980803
937,143.74,250.0,416.6666666666667,4.195193985769902
938,143.76,271.0,451.6666666666667,4.547590280574574
939,143.78,234.0,390.0,3.926701570680628
940,143.8,309.0,515.0,5.1852597664115985
941,143.82,292.0,486.6666666666667,4.899986575379246
942,143.84,303.0,505.0,5.0845751107531205
943,143.86,295.0,491.6666666666667,4.950328903208484
944,143.88,281.0,468.33333333333337,4.71539804000537
945,143.9,293.0,488.33333333333337,4.916767351322325
946,143.92,289.0,481.6666666666667,4.849644247550007
947,143.94,310.0,516.6666666666667,5.202040542354679
948,143.96,337.0,561.6666666666667,5.655121492817829
949,143.98,268.0,446.6666666666667,4.497247952745335
950,144.0,286.0,476.6666666666667,4.799301919720768
951,144.02,297.0,495.0,4.9838904550946435
952,144.04,323.0,538.3333333333334,5.420190629614713
953,144.06,301.0,501.6666666666667,5.051013558866962
954,144.08,329.0,548.3333333333334,5.520875285273191
955,144.1,336.0,560.0,5.6383407168747475
956,144.12,355.0,591.6666666666667,5.957175459793262
957,144.14,344.0,573.3333333333334,5.772586924419385
958,144.16,346.0,576.6666666666667,5.806148476305545
959,144.18,337.0,561.6666666666667,5.655121492817829
960,144.2,351.0,585.0,5.890052356020942
961,144.22,343.0,571.6666666666667,5.755806148476306
962,144.24,388.0,646.6666666666667,6.5109410659148885
963,144.26,338.0,563.3333333333334,5.671902268760907
964,144.28,352.0,586.6666666666667,5.906833131964023
965,144.3,369.0,615.0,6.192106322996375
966,144.32,341.0,568.3333333333334,5.722244596590146
967,144.34,383.0,638.3333333333334,6.42703718619949
968,144.36,375.0,625.0,6.292790978654852
969,144.38,412.0,686.6666666666667,6.9136796885487986
970,144.4,352.0,586.6666666666667,5.906833131964023
971,144.42,434.0,723.3333333333334,7.28285675929655
972,144.44,374.0,623.3333333333334,6.276010202711773
973,144.46,385.0,641.6666666666667,6.4605987380856496
974,144.48,414.0,690.0,6.947241240434957
975,144.5,425.0,708.3333333333334,7.131829775808833
976,144.52,417.0,695.0,6.997583568264196
977,144.54,449.0,748.3333333333334,7.534568398442744
978,144.56,458.0,763.3333333333334,7.68559538193046
979,144.58,431.0,718.3333333333334,7.232514431467311
980,144.6,453.0,755.0,7.601691502215062
981,144.62,486.0,810.0,8.15545710833669
982,144.64,441.0,735.0,7.400322190898106
983,144.66,444.0,740.0,7.450664518727345
984,144.68,483.0,805.0,8.10511478050745
985,144.7,444.0,740.0,7.450664518727345
986,144.72,458.0,763.3333333333334,7.68559538193046
987,144.74,468.0,780.0,7.853403141361256
988,144.76,447.0,745.0,7.501006846556584
989,144.78,527.0,878.3333333333334,8.843468922002954
990,144.8,508.0,846.6666666666667,8.52463417908444
991,144.82,458.0,763.3333333333334,7.68559538193046
992,144.84,485.0,808.3333333333334,8.13867633239361
993,144.86,511.0,851.6666666666667,8.57497650691368
994,144.88,522.0,870.0,8.759565042287555
995,144.9,526.0,876.6666666666667,8.826688146059874
996,144.92,535.0,891.6666666666667,8.97771512954759
997,144.94,549.0,915.0,9.212645992750705
998,144.96,539.0,898.3333333333334,9.044838233319908
999,144.98,549.0,915.0,9.212645992750705
1000,145.0,542.0,903.3333333333334,9.095180561149148
1001,145.02,567.0,945.0,9.514699959726137
1002,145.04,548.0,913.3333333333334,9.195865216807626
1003,145.06,581.0,968.3333333333334,9.749630822929252
1004,145.08,587.0,978.3333333333334,9.85031547858773
1005,145.1,641.0,1068.3333333333335,10.75647737951403
1006,145.12,586.0,976.6666666666667,9.83353470264465
1007,145.14,562.0,936.6666666666667,9.43079608001074
1008,145.16,621.0,1035.0,10.420861860652435
1009,145.18,646.0,1076.6666666666667,10.840381259229426
1010,145.2,629.0,1048.3333333333335,10.555108068197073
1011,145.22,626.0,1043.3333333333335,10.504765740367835
1012,145.24,643.0,1071.6666666666667,10.790038931400188
1013,145.26,654.0,1090.0,10.974627466774063
1014,145.28,644.0,1073.3333333333335,10.806819707343267
1015,145.3,609.0,1015.0,10.219492549335481
1016,145.32,656.0,1093.3333333333335,11.008189018660223
1017,145.34,651.0,1085.0,10.924285138944825
1018,145.36,678.0,1130.0,11.377366089407973
1019,145.38,598.0,996.6666666666667,10.034904013961606
1020,145.4,708.0,1180.0,11.88078936770036
1021,145.42,732.0,1220.0,12.283527990334273
1022,145.44,763.0,1271.6666666666667,12.80373204456974
1023,145.46,729.0,1215.0,12.233185662505033
1024,145.48,760.0,1266.6666666666667,12.753389716740502
1025,145.5,741.0,1235.0,12.434554973821989
1026,145.52,752.0,1253.3333333333335,12.619143509195865
1027,145.54,829.0,1381.6666666666667,13.911263256812994
1028,145.56,781.0,1301.6666666666667,13.105786011545174
1029,145.58,773.0,1288.3333333333335,12.971539804000537
1030,145.6,772.0,1286.6666666666667,12.954759028057458
1031,145.62,779.0,1298.3333333333335,13.072224459659015
1032,145.64,879.0,1465.0,14.750302053966974
1033,145.66,758.0,1263.3333333333335,12.719828164854343
1034,145.68,856.0,1426.6666666666667,14.364344207276144
1035,145.7,814.0,1356.6666666666667,13.6595516176668
1036,145.72,806.0,1343.3333333333335,13.525305410122165
1037,145.74,824.0,1373.3333333333335,13.827359377097597
1038,145.76,880.0,1466.6666666666667,14.767082829910054
1039,145.78,876.0,1460.0,14.699959726137736
1040,145.8,909.0,1515.0,15.253725332259362
1041,145.82,958.0,1596.6666666666667,16.075983353470264
1042,145.84,879.0,1465.0,14.750302053966974
1043,145.86,888.0,1480.0,14.90132903745469
1044,145.88,926.0,1543.3333333333335,15.538998523291717
1045,145.9,994.0,1656.6666666666667,16.68009128742113
1046,145.92,958.0,1596.6666666666667,16.075983353470264
1047,145.94,975.0,1625.0,16.361256544502616
1048,145.96,961.0,1601.6666666666667,16.1263256812995
1049,145.98,971.0,1618.3333333333335,16.2941334407303
1050,146.0,981.0,1635.0,16.461941200161093
1051,146.02,999.0,1665.0,16.763995167136528
1052,146.04,1064.0,1773.3333333333335,17.854745603436704
1053,146.06,988.0,1646.6666666666667,16.57940663176265
1054,146.08,1071.0,1785.0,17.97221103503826
1055,146.1,1086.0,1810.0,18.223922674184454
1056,146.12,1065.0,1775.0,17.87152637937978
1057,146.14,1021.0,1701.6666666666667,17.133172237884278
1058,146.16,1054.0,1756.6666666666667,17.686937844005907
1059,146.18,1051.0,1751.6666666666667,17.63659551617667
1060,146.2,1092.0,1820.0,18.32460732984293
1061,146.22,1070.0,1783.3333333333335,17.95543025909518
1062,146.24,1106.0,1843.3333333333335,18.55953819304605
1063,146.26,1127.0,1878.3333333333335,18.91193448785072
1064,146.28,1099.0,1831.6666666666667,18.44207276144449
1065,146.3,1124.0,1873.3333333333335,18.86159216002148
1066,146.32,1142.0,1903.3333333333335,19.163646126996912
1067,146.34,1142.0,1903.3333333333335,19.163646126996912
1068,146.36,1138.0,1896.6666666666667,19.09652302322459
1069,146.38,1153.0,1921.6666666666667,19.34823466237079
1070,146.4,1149.0,1915.0,19.281111558598468
1071,146.42,1135.0,1891.6666666666667,19.046180695395353
1072,146.44,1202.0,2003.3333333333335,20.17049268358169
1073,146.46,1154.0,1923.3333333333335,19.36501543831387
1074,146.48,1196.0,1993.3333333333335,20.069808027923212
1075,146.5,1162.0,1936.6666666666667,19.499261645858503
1076,146.52,1240.0,2066.666666666667,20.808162169418715
1077,146.54,1150.0,1916.6666666666667,19.297892334541547
1078,146.56,1174.0,1956.6666666666667,19.70063095717546
1079,146.58,1177.0,1961.6666666666667,19.750973285004697
1080,146.6,1229.0,2048.3333333333335,20.62357363404484
1081,146.62,1146.0,1910.0,19.23076923076923
1082,146.64,1212.0,2020.0,20.338300443012482
1083,146.66,1220.0,2033.3333333333335,20.47254665055712
1084,146.68,1201.0,2001.6666666666667,20.15371190763861
1085,146.7,1247.0,2078.3333333333335,20.92562760102027
1086,146.72,1235.0,2058.3333333333335,20.724258289703315
1087,146.74,1191.0,1985.0,19.985904148207812
1088,146.76,1175.0,1958.3333333333335,19.71741173311854
1089,146.78,1275.0,2125.0,21.3954893274265
1090,146.8,1220.0,2033.3333333333335,20.47254665055712
1091,146.82,1267.0,2111.666666666667,21.261243119881865
1092,146.84,1235.0,2058.3333333333335,20.724258289703315
1093,146.86,1238.0,2063.3333333333335,20.774600617532556
1094,146.88,1213.0,2021.6666666666667,20.355081218955565
1095,146.9,1218.0,2030.0,20.438985098670962
1096,146.92,1169.0,1948.3333333333335,19.616727077460062
1097,146.94,1149.0,1915.0,19.281111558598468
1098,146.96,1198.0,1996.6666666666667,20.10336957980937
1099,146.98,1223.0,2038.3333333333335,20.522888978386362
1100,147.0,1203.0,2005.0,20.187273459524768
1101,147.02,1199.0,1998.3333333333335,20.12015035575245
1102,147.04,1190.0,1983.3333333333335,19.969123372264733
1103,147.06,1217.0,2028.3333333333335,20.422204322727882
1104,147.08,1184.0,1973.3333333333335,19.868438716606256
1105,147.1,1163.0,1938.3333333333335,19.516042421801583
1106,147.12,1211.0,2018.3333333333335,20.321519667069406
1107,147.14,1227.0,2045.0,20.590012082158676
1108,147.16,1208.0,2013.3333333333335,20.271177339240168
1109,147.18,1271.0,2118.3333333333335,21.328366223654182
1110,147.2,1186.0,1976.6666666666667,19.902000268492415
1111,147.22,1224.0,2040.0,20.539669754329438
1112,147.24,1129.0,1881.6666666666667,18.945496039736877
1113,147.26,1155.0,1925.0,19.381796214256944
1114,147.28,1132.0,1886.6666666666667,18.995838367566115
1115,147.3,1182.0,1970.0,19.834877164720094
1116,147.32,1094.0,1823.3333333333335,18.358168881729092
1117,147.34,1147.0,1911.6666666666667,19.24755000671231
1118,147.36,1161.0,1935.0,19.482480869915424
1119,147.38,1082.0,1803.3333333333335,18.156799570412137
1120,147.4,1102.0,1836.6666666666667,18.492415089273727
1121,147.42,1075.0,1791.6666666666667,18.039334138810577
1122,147.44,1065.0,1775.0,17.87152637937978
1123,147.46,1118.0,1863.3333333333335,18.760907504363
1124,147.48,1044.0,1740.0,17.51913008457511
1125,147.5,1111.0,1851.6666666666667,18.643442072761445
1126,147.52,1041.0,1735.0,17.468787756745872
1127,147.54,1012.0,1686.6666666666667,16.982145254396563
1128,147.56,1072.0,1786.6666666666667,17.98899181098134
1129,147.58,1075.0,1791.6666666666667,18.039334138810577
1130,147.6,1058.0,1763.3333333333335,17.754060947778225
1131,147.62,1043.0,1738.3333333333335,17.50234930863203
1132,147.64,1050.0,1750.0,17.619814740233586
1133,147.66,1015.0,1691.6666666666667,17.0324875822258
1134,147.68,1008.0,1680.0,16.915022150624242
1135,147.7,993.0,1655.0,16.66331051147805
1136,147.72,1016.0,1693.3333333333335,17.04926835816888
1137,147.74,955.0,1591.6666666666667,16.025641025641026
1138,147.76,952.0,1586.6666666666667,15.975298697811786
1139,147.78,949.0,1581.6666666666667,15.924956369982548
1140,147.8,975.0,1625.0,16.361256544502616
1141,147.82,948.0,1580.0,15.908175594039466
1142,147.84,917.0,1528.3333333333335,15.387971539804001
1143,147.86,947.0,1578.3333333333335,15.891394818096389
1144,147.88,886.0,1476.6666666666667,14.867767485568532
1145,147.9,866.0,1443.3333333333335,14.532151966706941
1146,147.92,917.0,1528.3333333333335,15.387971539804001
1147,147.94,869.0,1448.3333333333335,14.582494294536179
1148,147.96,873.0,1455.0,14.649617398308497
1149,147.98,854.0,1423.3333333333335,14.330782655389985
1150,148.0,875.0,1458.3333333333335,14.683178950194657
1151,148.02,832.0,1386.6666666666667,13.961605584642234
1152,148.04,830.0,1383.3333333333335,13.928044032756075
1153,148.06,845.0,1408.3333333333335,14.179755671902269
1154,148.08,803.0,1338.3333333333335,13.474963082292925
1155,148.1,751.0,1251.6666666666667,12.602362733252786
1156,148.12,781.0,1301.6666666666667,13.105786011545174
1157,148.14,837.0,1395.0,14.04550946435763
1158,148.16,795.0,1325.0,13.340716874748287
1159,148.18,764.0,1273.3333333333335,12.820512820512821
1160,148.2,739.0,1231.6666666666667,12.40099342193583
1161,148.22,803.0,1338.3333333333335,13.474963082292925
1162,148.24,724.0,1206.6666666666667,12.149281782789636
1163,148.26,714.0,1190.0,11.981474023358839
1164,148.28,773.0,1288.3333333333335,12.971539804000537
1165,148.3,747.0,1245.0,12.535239629480467
1166,148.32,715.0,1191.6666666666667,11.99825479930192
1167,148.34,698.0,1163.3333333333335,11.712981608269567
1168,148.36,725.0,1208.3333333333335,12.166062558732717
1169,148.38,728.0,1213.3333333333335,12.216404886561955
1170,148.4,655.0,1091.6666666666667,10.991408242717144
1171,148.42,656.0,1093.3333333333335,11.008189018660223
1172,148.44,681.0,1135.0,11.427708417237213
1173,148.46,628.0,1046.6666666666667,10.538327292253994
1174,148.48,659.0,1098.3333333333335,11.058531346489463
1175,148.5,640.0,1066.6666666666667,10.739696603570948
1176,148.52,664.0,1106.6666666666667,11.14243522620486
1177,148.54,575.0,958.3333333333334,9.648946167270774
1178,148.56,629.0,1048.3333333333335,10.555108068197073
1179,148.58,565.0,941.6666666666667,9.481138407839978
1180,148.6,630.0,1050.0,10.571888844140153
1181,148.62,580.0,966.6666666666667,9.732850046986172
1182,148.64,599.0,998.3333333333334,10.051684789904686
1183,148.66,601.0,1001.6666666666667,10.085246341790844
1184,148.68,586.0,976.6666666666667,9.83353470264465
1185,148.7,554.0,923.3333333333334,9.296549872466102
1186,148.72,567.0,945.0,9.514699959726137
1187,148.74,578.0,963.3333333333334,9.699288495100014
1188,148.76,541.0,901.6666666666667,9.078399785206068
1189,148.78,537.0,895.0,9.011276681433749
1190,148.8,598.0,996.6666666666667,10.034904013961606
1191,148.82,514.0,856.6666666666667,8.625318834742918
1192,148.84,513.0,855.0,8.608538058799839
1193,148.86,490.0,816.6666666666667,8.222580212109008
1194,148.88,505.0,841.6666666666667,8.474291851255202
1195,148.9,455.0,758.3333333333334,7.635253054101222
1196,148.92,499.0,831.6666666666667,8.373607195596724
1197,148.94,474.0,790.0,7.954087797019733
1198,148.96,500.0,833.3333333333334,8.390387971539804
1199,148.98,485.0,808.3333333333334,8.13867633239361
1200,149.0,473.0,788.3333333333334,7.937307021076655
1201,149.02,444.0,740.0,7.450664518727345
1202,149.04,448.0,746.6666666666667,7.5177876224996645
1203,149.06,491.0,818.3333333333334,8.239360988052088
1204,149.08,459.0,765.0,7.702376157873539
1205,149.1,444.0,740.0,7.450664518727345
1206,149.12,444.0,740.0,7.450664518727345
1207,149.14,413.0,688.3333333333334,6.930460464491878
1208,149.16,400.0,666.6666666666667,6.7123103772318435
1209,149.18,422.0,703.3333333333334,7.081487447979595
1210,149.2,445.0,741.6666666666667,7.4674452946704255
1211,149.22,429.0,715.0,7.198952879581151
1212,149.24,402.0,670.0,6.745871929118002
1213,149.26,419.0,698.3333333333334,7.031145120150356
1214,149.28,390.0,650.0,6.544502617801046
1215,149.3,400.0,666.6666666666667,6.7123103772318435
1216,149.32,386.0,643.3333333333334,6.477379514028729
1217,149.34,396.0,660.0,6.645187273459524
1218,149.36,350.0,583.3333333333334,5.873271580077863
1219,149.38,387.0,645.0,6.494160289971807
1220,149.4,374.0,623.3333333333334,6.276010202711773
1221,149.42,352.0,586.6666666666667,5.906833131964023
1222,149.44,345.0,575.0,5.789367700362464
1223,149.46,354.0,590.0,5.94039468385018
1224,149.48,339.0,565.0,5.6886830447039864
1225,149.5,332.0,553.3333333333334,5.57121761310243
1226,149.52,342.0,570.0,5.739025372533225
1227,149.54,324.0,540.0,5.4369714055577925
1228,149.56,342.0,570.0,5.739025372533225
1229,149.58,318.0,530.0,5.3362867498993145
1230,149.6,321.0,535.0,5.3866290777285535
1231,149.62,331.0,551.6666666666667,5.554436837159351
1232,149.64,319.0,531.6666666666667,5.353067525842396
1233,149.66,303.0,505.0,5.0845751107531205
1234,149.68,310.0,516.6666666666667,5.202040542354679
1235,149.7,278.0,463.33333333333337,4.665055712176131
1236,149.72,287.0,478.33333333333337,4.816082695663847
1237,149.74,302.0,503.33333333333337,5.067794334810042
1238,149.76,272.0,453.33333333333337,4.564371056517653
1239,149.78,282.0,470.0,4.7321788159484495
1240,149.8,271.0,451.6666666666667,4.547590280574574
1241,149.82,284.0,473.33333333333337,4.765740367834609
1242,149.84,273.0,455.0,4.5811518324607325
1243,149.86,293.0,488.33333333333337,4.916767351322325
1244,149.88,277.0,461.6666666666667,4.648274936233051
1245,149.9,242.0,403.33333333333337,4.060947778225265
1246,149.92,281.0,468.33333333333337,4.71539804000537
1247,149.94,243.0,405.0,4.077728554168345
1248,149.96,267.0,445.0,4.480467176802255
1249,149.98,259.0,431.6666666666667,4.346220969257618
1250,150.0,249.0,415.0,4.1784132098268225
1251,150.02,232.0,386.6666666666667,3.893140018794469
1252,150.04,267.0,445.0,4.480467176802255
1253,150.06,257.0,428.33333333333337,4.312659417371459
1254,150.08,291.0,485.0,4.8832057994361655
1255,150.1,277.0,461.6666666666667,4.648274936233051
1256,150.12,214.0,356.6666666666667,3.591086051819036
1257,150.14,209.0,348.33333333333337,3.5071821721036383
1258,150.16,218.0,363.33333333333337,3.6582091555913547
1259,150.18,233.0,388.33333333333337,3.9099207947375487
1260,150.2,207.0,345.0,3.4736206202174786
1261,150.22,240.0,400.0,4.027386226339106
1262,150.24,223.0,371.6666666666667,3.7421130353067524
1263,150.26,216.0,360.0,3.624647603705195
1264,150.28,195.0,325.0,3.272251308900523
1265,150.3,226.0,376.6666666666667,3.7924553631359914
1266,150.32,215.0,358.33333333333337,3.6078668277621158
1267,150.34,201.0,335.0,3.372935964559001
1268,150.36,210.0,350.0,3.5239629480467176
1269,150.38,224.0,373.33333333333337,3.7588938112498322
1270,150.4,180.0,300.0,3.020539669754329
1271,150.42,209.0,348.33333333333337,3.5071821721036383
1272,150.44,193.0,321.6666666666667,3.2386897570143645
1273,150.46,184.0,306.6666666666667,3.087662773526648
1274,150.48,219.0,365.0,3.674989931534434
1275,150.5,189.0,315.0,3.1715666532420457
1276,150.52,196.0,326.6666666666667,3.289032084843603
1277,150.54,193.0,321.6666666666667,3.2386897570143645
1278,150.56,200.0,333.33333333333337,3.3561551886159218
1279,150.58,178.0,296.6666666666667,2.98697811786817
1280,150.6,171.0,285.0,2.8695126862666127
1281,150.62,193.0,321.6666666666667,3.2386897570143645
1282,150.64,187.0,311.6666666666667,3.1380051013558865
1283,150.66,192.0,320.0,3.2219089810712846
1284,150.68,175.0,291.6666666666667,2.9366357900389315
1285,150.7,181.0,301.6666666666667,3.037320445697409
1286,150.72,154.0,256.6666666666667,2.5842394952342596
1287,150.74,146.0,243.33333333333334,2.449993287689623
1288,150.76,166.0,276.6666666666667,2.785608806551215
1289,150.78,145.0,241.66666666666669,2.433212511746543
1290,150.8,172.0,286.6666666666667,2.8862934622096925
1291,150.82,182.0,303.33333333333337,3.054101221640489
1292,150.84,154.0,256.6666666666667,2.5842394952342596
1293,150.86,172.0,286.6666666666667,2.8862934622096925
1294,150.88,178.0,296.6666666666667,2.98697811786817
1295,150.9,175.0,291.6666666666667,2.9366357900389315
1296,150.92,143.0,238.33333333333334,2.399650959860384
1297,150.94,153.0,255.0,2.5674587192911797
1298,150.96,155.0,258.33333333333337,2.6010202711773394
1299,150.98,162.0,270.0,2.7184857027788962
1300,151.0,149.0,248.33333333333334,2.5003356155188614
1301,151.02,160.0,266.6666666666667,2.684924150892737
1302,151.04,126.0,210.0,2.1143777688280303
1303,151.06,139.0,231.66666666666669,2.3325278560880656
1304,151.08,156.0,260.0,2.6178010471204187
1305,151.1,145.0,241.66666666666669,2.433212511746543
1306,151.12,151.0,251.66666666666669,2.533897167405021
1307,151.14,134.0,223.33333333333334,2.2486239763726674
1308,151.16,140.0,233.33333333333334,2.349308632031145
1309,151.18,153.0,255.0,2.5674587192911797
1310,151.2,139.0,231.66666666666669,2.3325278560880656
1311,151.22,141.0,235.0,2.3660894079742247
1312,151.24,129.0,215.0,2.1647200966572693
1313,151.26,121.0,201.66666666666669,2.0304738891126326
1314,151.28,145.0,241.66666666666669,2.433212511746543
1315,151.3,132.0,220.0,2.2150624244865083
1316,151.32,125.0,208.33333333333334,2.097596992884951
1317,151.34,130.0,216.66666666666669,2.181500872600349
1318,151.36,142.0,236.66666666666669,2.3828701839173045
1319,151.38,132.0,220.0,2.2150624244865083
1320,151.4,153.0,255.0,2.5674587192911797
1321,151.42,135.0,225.0,2.265404752315747
1322,151.44,115.0,191.66666666666669,1.9297892334541549
1323,151.46,108.0,180.0,1.8123238018525976
1324,151.48,139.0,231.66666666666669,2.3325278560880656
1325,151.5,132.0,220.0,2.2150624244865083
1326,151.52,108.0,180.0,1.8123238018525976
1327,151.54,135.0,225.0,2.265404752315747
1328,151.56,121.0,201.66666666666669,2.0304738891126326
1329,151.58,145.0,241.66666666666669,2.433212511746543
1330,151.6,126.0,210.0,2.1143777688280303
1331,151.62,133.0,221.66666666666669,2.231843200429588
1332,151.64,128.0,213.33333333333334,2.14793932071419
1333,151.66,142.0,236.66666666666669,2.3828701839173045
1334,151.68,116.0,193.33333333333334,1.9465700093972345
1335,151.7,116.0,193.33333333333334,1.9465700093972345
1336,151.72,114.0,190.0,1.913008457511075
1337,151.74,127.0,211.66666666666669,2.13115854477111
1338,151.76,136.0,226.66666666666669,2.2821855282588266
1339,151.78,105.0,175.0,1.7619814740233588
1340,151.8,130.0,216.66666666666669,2.181500872600349
1341,151.82,120.0,200.0,2.013693113169553
1342,151.84,122.0,203.33333333333334,2.047254665055712
1343,151.86,103.0,171.66666666666669,1.7284199221371996
1344,151.88,107.0,178.33333333333334,1.795543025909518
1345,151.9,121.0,201.66666666666669,2.0304738891126326
1346,151.92,102.0,170.0,1.7116391461941198
1347,151.94,124.0,206.66666666666669,2.0808162169418716
1348,151.96,103.0,171.66666666666669,1.7284199221371996
1349,151.98,117.0,195.0,1.963350785340314
1350,152.0,110.0,183.33333333333334,1.8458853537387567
1351,152.02,111.0,185.0,1.8626661296818363
1352,152.04,104.0,173.33333333333334,1.7452006980802792
1353,152.06,106.0,176.66666666666669,1.7787622499664386
1354,152.08,109.0,181.66666666666669,1.8291045777956774
1355,152.1,115.0,191.66666666666669,1.9297892334541549
1356,152.12,109.0,181.66666666666669,1.8291045777956774
1357,152.14,103.0,171.66666666666669,1.7284199221371996
1358,152.16,115.0,191.66666666666669,1.9297892334541549
1359,152.18,100.0,166.66666666666669,1.6780775943079609
1360,152.2,113.0,188.33333333333334,1.8962276815679957
1361,152.22,102.0,170.0,1.7116391461941198
1362,152.24,92.0,153.33333333333334,1.543831386763324
1363,152.26,107.0,178.33333333333334,1.795543025909518
1364,152.28,105.0,175.0,1.7619814740233588
1365,152.3,106.0,176.66666666666669,1.7787622499664386
1366,152.32,95.0,158.33333333333334,1.5941737145925627
1367,152.34,101.0,168.33333333333334,1.6948583702510405
1368,152.36,92.0,153.33333333333334,1.543831386763324
1369,152.38,100.0,166.66666666666669,1.6780775943079609
1370,152.4,87.0,145.0,1.4599275070479258
1371,152.42,87.0,145.0,1.4599275070479258
1372,152.44,113.0,188.33333333333334,1.8962276815679957
1373,152.46,106.0,176.66666666666669,1.7787622499664386
1374,152.48,112.0,186.66666666666669,1.8794469056249161
1375,152.5,85.0,141.66666666666669,1.4263659551617667
1376,152.52,96.0,160.0,1.6109544905356423
1377,152.54,108.0,180.0,1.8123238018525976
1378,152.56,113.0,188.33333333333334,1.8962276815679957
1379,152.58,96.0,160.0,1.6109544905356423
1380,152.6,93.0,155.0,1.5606121627064033
1381,152.62,91.0,151.66666666666669,1.5270506108202444
1382,152.64,98.0,163.33333333333334,1.6445160424218015
1383,152.66,75.0,125.0,1.2585581957309706
1384,152.68,84.0,140.0,1.4095851792186869
1385,152.7,94.0,156.66666666666669,1.5773929386494832
1386,152.72,89.0,148.33333333333334,1.493489058934085
1387,152.74,100.0,166.66666666666669,1.6780775943079609
1388,152.76,87.0,145.0,1.4599275070479258
1389,152.78,84.0,140.0,1.4095851792186869
1390,152.8,88.0,146.66666666666669,1.4767082829910056
1391,152.82,92.0,153.33333333333334,1.543831386763324
1392,152.84,101.0,168.33333333333334,1.6948583702510405
1393,152.86,114.0,190.0,1.913008457511075
1394,152.88,99.0,165.0,1.661296818364881
1395,152.9,92.0,153.33333333333334,1.543831386763324
1396,152.92,102.0,170.0,1.7116391461941198
1397,152.94,91.0,151.66666666666669,1.5270506108202444
1398,152.96,97.0,161.66666666666669,1.6277352664787221
1399,152.98,81.0,135.0,1.3592428513894481
1400,153.0,73.0,121.66666666666667,1.2249966438448114
1401,153.02,91.0,151.66666666666669,1.5270506108202444
1402,153.04,94.0,156.66666666666669,1.5773929386494832
1403,153.06,103.0,171.66666666666669,1.7284199221371996
1404,153.08,92.0,153.33333333333334,1.543831386763324
1405,153.1,76.0,126.66666666666667,1.2753389716740502
1406,153.12,98.0,163.33333333333334,1.6445160424218015
1407,153.14,102.0,170.0,1.7116391461941198
1408,153.16,72.0,120.0,1.2082158679017316
1409,153.18,86.0,143.33333333333334,1.4431467311048463
1410,153.2,89.0,148.33333333333334,1.493489058934085
1411,153.22,106.0,176.66666666666669,1.7787622499664386
1412,153.24,113.0,188.33333333333334,1.8962276815679957
1413,153.26,90.0,150.0,1.5102698348771646
1414,153.28,93.0,155.0,1.5606121627064033
1415,153.3,82.0,136.66666666666669,1.376023627332528
1416,153.32,84.0,140.0,1.4095851792186869
1417,153.34,93.0,155.0,1.5606121627064033
1418,153.36,67.0,111.66666666666667,1.1243119881863337
1419,153.38,74.0,123.33333333333334,1.241777419787891
1420,153.4,82.0,136.66666666666669,1.376023627332528
1421,153.42,80.0,133.33333333333334,1.3424620754463685
1422,153.44,92.0,153.33333333333334,1.543831386763324
1423,153.46,77.0,128.33333333333334,1.2921197476171298
1424,153.48,82.0,136.66666666666669,1.376023627332528
1425,153.5,78.0,130.0,1.3089005235602094
1426,153.52,87.0,145.0,1.4599275070479258
1427,153.54,79.0,131.66666666666669,1.3256812995032892
1428,153.56,77.0,128.33333333333334,1.2921197476171298
1429,153.58,65.0,108.33333333333334,1.0907504363001745
1430,153.6,82.0,136.66666666666669,1.376023627332528
1431,153.62,76.0,126.66666666666667,1.2753389716740502
1432,153.64,65.0,108.33333333333334,1.0907504363001745
1433,153.66,71.0,118.33333333333334,1.1914350919586523
1434,153.68,66.0,110.0,1.1075312122432541
1435,153.7,76.0,126.66666666666667,1.2753389716740502
1436,153.72,69.0,115.0,1.1578735400724929
1437,153.74,70.0,116.66666666666667,1.1746543160155725
1438,153.76,63.0,105.0,1.0571888844140152
1439,153.78,62.0,103.33333333333334,1.0404081084709358
1440,153.8,69.0,115.0,1.1578735400724929
1441,153.82,81.0,135.0,1.3592428513894481
1442,153.84,73.0,121.66666666666667,1.2249966438448114
1443,153.86,74.0,123.33333333333334,1.241777419787891
1444,153.88,67.0,111.66666666666667,1.1243119881863337
1445,153.9,73.0,121.66666666666667,1.2249966438448114
1446,153.92,66.0,110.0,1.1075312122432541
1447,153.94,65.0,108.33333333333334,1.0907504363001745
1448,153.96,66.0,110.0,1.1075312122432541
1449,153.98,75.0,125.0,1.2585581957309706
1450,154.0,74.0,123.33333333333334,1.241777419787891
1451,154.02,58.0,96.66666666666667,0.9732850046986172
1452,154.04,67.0,111.66666666666667,1.1243119881863337
1453,154.06,67.0,111.66666666666667,1.1243119881863337
1454,154.08,65.0,108.33333333333334,1.0907504363001745
1455,154.1,53.0,88.33333333333334,0.8893811249832193
1456,154.12,65.0,108.33333333333334,1.0907504363001745
1457,154.14,66.0,110.0,1.1075312122432541
1458,154.16,69.0,115.0,1.1578735400724929
1459,154.18,66.0,110.0,1.1075312122432541
1460,154.2,65.0,108.33333333333334,1.0907504363001745
1461,154.22,59.0,98.33333333333334,0.9900657806416969
1462,154.24,59.0,98.33333333333334,0.9900657806416969
1463,154.26,57.0,95.0,0.9565042287555375
1464,154.28,48.0,80.0,0.8054772452678212
1465,154.3,64.0,106.66666666666667,1.073969660357095
1466,154.32,64.0,106.66666666666667,1.073969660357095
1467,154.34,70.0,116.66666666666667,1.1746543160155725
1468,154.36,62.0,103.33333333333334,1.0404081084709358
1469,154.38,63.0,105.0,1.0571888844140152
1470,154.4,51.0,85.0,0.8558195730970599
1471,154.42,60.0,100.0,1.0068465565847764
1472,154.44,66.0,110.0,1.1075312122432541
1473,154.46,52.0,86.66666666666667,0.8726003490401396
1474,154.48,63.0,105.0,1.0571888844140152
1475,154.5,66.0,110.0,1.1075312122432541
1476,154.52,62.0,103.33333333333334,1.0404081084709358
1477,154.54,51.0,85.0,0.8558195730970599
1478,154.56,52.0,86.66666666666667,0.8726003490401396
1479,154.58,52.0,86.66666666666667,0.8726003490401396
1480,154.6,44.0,73.33333333333334,0.7383541414955028
1481,154.62,63.0,105.0,1.0571888844140152
1482,154.64,62.0,103.33333333333334,1.0404081084709358
1483,154.66,60.0,100.0,1.0068465565847764
1484,154.68,54.0,90.0,0.9061619009262988
1485,154.7,50.0,83.33333333333334,0.8390387971539804
1486,154.72,53.0,88.33333333333334,0.8893811249832193
1487,154.74,66.0,110.0,1.1075312122432541
1488,154.76,51.0,85.0,0.8558195730970599
1489,154.78,59.0,98.33333333333334,0.9900657806416969
1490,154.8,45.0,75.0,0.7551349174385823
1491,154.82,56.0,93.33333333333334,0.9397234528124581
1492,154.84,49.0,81.66666666666667,0.8222580212109007
1493,154.86,53.0,88.33333333333334,0.8893811249832193
1494,154.88,51.0,85.0,0.8558195730970599
1495,154.9,59.0,98.33333333333334,0.9900657806416969
1496,154.92,44.0,73.33333333333334,0.7383541414955028
1497,154.94,65.0,108.33333333333334,1.0907504363001745
1498,154.96,59.0,98.33333333333334,0.9900657806416969
1499,154.98,42.0,70.0,0.7047925896093434
1500,155.0,58.0,96.66666666666667,0.9732850046986172
1501,155.02,47.0,78.33333333333334,0.7886964693247416
1502,155.04,51.0,85.0,0.8558195730970599
1503,155.06,66.0,110.0,1.1075312122432541
1504,155.08,34.0,56.66666666666667,0.5705463820647066
1505,155.1,42.0,70.0,0.7047925896093434
1506,155.12,39.0,65.0,0.6544502617801047
1507,155.14,59.0,98.33333333333334,0.9900657806416969
1508,155.16,33.0,55.0,0.5537656061216271
1509,155.18,57.0,95.0,0.9565042287555375
1510,155.2,56.0,93.33333333333334,0.9397234528124581
1511,155.22,51.0,85.0,0.8558195730970599
1512,155.24,63.0,105.0,1.0571888844140152
1513,155.26,40.0,66.66666666666667,0.6712310377231843
1514,155.28,49.0,81.66666666666667,0.8222580212109007
1515,155.3,40.0,66.66666666666667,0.6712310377231843
1516,155.32,37.0,61.66666666666667,0.6208887098939455
1517,155.34,56.0,93.33333333333334,0.9397234528124581
1518,155.36,46.0,76.66666666666667,0.771915693381662
1519,155.38,52.0,86.66666666666667,0.8726003490401396
1520,155.4,43.0,71.66666666666667,0.7215733655524231
1521,155.42,49.0,81.66666666666667,0.8222580212109007
1522,155.44,56.0,93.33333333333334,0.9397234528124581
1523,155.46,39.0,65.0,0.6544502617801047
1524,155.48,42.0,70.0,0.7047925896093434
1525,155.5,45.0,75.0,0.7551349174385823
1526,155.52,55.0,91.66666666666667,0.9229426768693784
1527,155.54,50.0,83.33333333333334,0.8390387971539804
1528,155.56,51.0,85.0,0.8558195730970599
1529,155.58,44.0,73.33333333333334,0.7383541414955028
1530,155.6,40.0,66.66666666666667,0.6712310377231843
1531,155.62,51.0,85.0,0.8558195730970599
1532,155.64,70.0,116.66666666666667,1.1746543160155725
1533,155.66,44.0,73.33333333333334,0.7383541414955028
1534,155.68,45.0,75.0,0.7551349174385823
1535,155.7,46.0,76.66666666666667,0.771915693381662
1536,155.72,53.0,88.33333333333334,0.8893811249832193
1537,155.74,41.0,68.33333333333334,0.688011813666264
1538,155.76,35.0,58.333333333333336,0.5873271580077862
1539,155.78,62.0,103.33333333333334,1.0404081084709358
1540,155.8,56.0,93.33333333333334,0.9397234528124581
1541,155.82,47.0,78.33333333333334,0.7886964693247416
1542,155.84,47.0,78.33333333333334,0.7886964693247416
1543,155.86,50.0,83.33333333333334,0.8390387971539804
1544,155.88,37.0,61.66666666666667,0.6208887098939455
1545,155.9,52.0,86.66666666666667,0.8726003490401396
1546,155.92,40.0,66.66666666666667,0.6712310377231843
1547,155.94,37.0,61.66666666666667,0.6208887098939455
1548,155.96,35.0,58.333333333333336,0.5873271580077862
1549,155.98,43.0,71.66666666666667,0.7215733655524231
1550,156.0,52.0,86.66666666666667,0.8726003490401396
1551,156.02,36.0,60.0,0.6041079339508658
1552,156.04,47.0,78.33333333333334,0.7886964693247416
1553,156.06,40.0,66.66666666666667,0.6712310377231843
1554,156.08,44.0,73.33333333333334,0.7383541414955028
1555,156.1,47.0,78.33333333333334,0.7886964693247416
1556,156.12,43.0,71.66666666666667,0.7215733655524231
1557,156.14,34.0,56.66666666666667,0.5705463820647066
1558,156.16,42.0,70.0,0.7047925896093434
1559,156.18,33.0,55.0,0.5537656061216271
1560,156.2,39.0,65.0,0.6544502617801047
1561,156.22,38.0,63.333333333333336,0.6376694858370251
1562,156.24,39.0,65.0,0.6544502617801047
1563,156.26,36.0,60.0,0.6041079339508658
1564,156.28,52.0,86.66666666666667,0.8726003490401396
1565,156.3,38.0,63.333333333333336,0.6376694858370251
1566,156.32,43.0,71.66666666666667,0.7215733655524231
1567,156.34,44.0,73.33333333333334,0.7383541414955028
1568,156.36,31.0,51.66666666666667,0.5202040542354679
1569,156.38,38.0,63.333333333333336,0.6376694858370251
1570,156.4,33.0,55.0,0.5537656061216271
1571,156.42,40.0,66.66666666666667,0.6712310377231843
1572,156.44,51.0,85.0,0.8558195730970599
1573,156.46,45.0,75.0,0.7551349174385823
1574,156.48,53.0,88.33333333333334,0.8893811249832193
1575,156.5,40.0,66.66666666666667,0.6712310377231843
1576,156.52,39.0,65.0,0.6544502617801047
1577,156.54,43.0,71.66666666666667,0.7215733655524231
1578,156.56,48.0,80.0,0.8054772452678212
1579,156.58,40.0,66.66666666666667,0.6712310377231843
1580,156.6,51.0,85.0,0.8558195730970599
1581,156.62,45.0,75.0,0.7551349174385823
1582,156.64,35.0,58.333333333333336,0.5873271580077862
1583,156.66,53.0,88.33333333333334,0.8893811249832193
1584,156.68,45.0,75.0,0.7551349174385823
1585,156.7,47.0,78.33333333333334,0.7886964693247416
1586,156.72,32.0,53.333333333333336,0.5369848301785475
1587,156.74,40.0,66.66666666666667,0.6712310377231843
1588,156.76,38.0,63.333333333333336,0.6376694858370251
1589,156.78,39.0,65.0,0.6544502617801047
1590,156.8,47.0,78.33333333333334,0.7886964693247416
1591,156.82,44.0,73.33333333333334,0.7383541414955028
1592,156.84,38.0,63.333333333333336,0.6376694858370251
1593,156.86,47.0,78.33333333333334,0.7886964693247416
1594,156.88,42.0,70.0,0.7047925896093434
1595,156.9,40.0,66.66666666666667,0.6712310377231843
1596,156.92,37.0,61.66666666666667,0.6208887098939455
1597,156.94,41.0,68.33333333333334,0.688011813666264
1598,156.96,41.0,68.33333333333334,0.688011813666264
1599,156.98,38.0,63.333333333333336,0.6376694858370251
1600,157.0,42.0,70.0,0.7047925896093434
1601,157.02,35.0,58.333333333333336,0.5873271580077862
1602,157.04,31.0,51.66666666666667,0.5202040542354679
1603,157.06,33.0,55.0,0.5537656061216271
1604,157.08,39.0,65.0,0.6544502617801047
1605,157.1,40.0,66.66666666666667,0.6712310377231843
1606,157.12,34.0,56.66666666666667,0.5705463820647066
1607,157.14,38.0,63.333333333333336,0.6376694858370251
1608,157.16,36.0,60.0,0.6041079339508658
1609,157.18,36.0,60.0,0.6041079339508658
1610,157.2,37.0,61.66666666666667,0.6208887098939455
1611,157.22,43.0,71.66666666666667,0.7215733655524231
1612,157.24,34.0,56.66666666666667,0.5705463820647066
1613,157.26,28.0,46.66666666666667,0.46986172640622903
1614,157.28,32.0,53.333333333333336,0.5369848301785475
1615,157.3,28.0,46.66666666666667,0.46986172640622903
1616,157.32,40.0,66.66666666666667,0.6712310377231843
1617,157.34,38.0,63.333333333333336,0.6376694858370251
1618,157.36,37.0,61.66666666666667,0.6208887098939455
1619,157.38,35.0,58.333333333333336,0.5873271580077862
1620,157.4,40.0,66.66666666666667,0.6712310377231843
1621,157.42,34.0,56.66666666666667,0.5705463820647066
1622,157.44,42.0,70.0,0.7047925896093434
1623,157.46,43.0,71.66666666666667,0.7215733655524231
1624,157.48,33.0,55.0,0.5537656061216271
1625,157.5,35.0,58.333333333333336,0.5873271580077862
1626,157.52,43.0,71.66666666666667,0.7215733655524231
1627,157.54,43.0,71.66666666666667,0.7215733655524231
1628,157.56,45.0,75.0,0.7551349174385823
1629,157.58,36.0,60.0,0.6041079339508658
1630,157.6,38.0,63.333333333333336,0.6376694858370251
1631,157.62,41.0,68.33333333333334,0.688011813666264
1632,157.64,31.0,51.66666666666667,0.5202040542354679
1633,157.66,39.0,65.0,0.6544502617801047
1634,157.68,39.0,65.0,0.6544502617801047
1635,157.7,41.0,68.33333333333334,0.688011813666264
1636,157.72,26.0,43.333333333333336,0.4363001745200698
1637,157.74,33.0,55.0,0.5537656061216271
1638,157.76,35.0,58.333333333333336,0.5873271580077862
1639,157.78,33.0,55.0,0.5537656061216271
1640,157.8,38.0,63.333333333333336,0.6376694858370251
1641,157.82,33.0,55.0,0.5537656061216271
1642,157.84,37.0,61.66666666666667,0.6208887098939455
1643,157.86,36.0,60.0,0.6041079339508658
1644,157.88,29.0,48.333333333333336,0.4866425023493086
1645,157.9,35.0,58.333333333333336,0.5873271580077862
1646,157.92,28.0,46.66666666666667,0.46986172640622903
1647,157.94,34.0,56.66666666666667,0.5705463820647066
1648,157.96,31.0,51.66666666666667,0.5202040542354679
1649,157.98,43.0,71.66666666666667,0.7215733655524231
1650,158.0,27.0,45.0,0.4530809504631494
1651,158.02,29.0,48.333333333333336,0.4866425023493086
1652,158.04,38.0,63.333333333333336,0.6376694858370251
1653,158.06,39.0,65.0,0.6544502617801047
1654,158.08,40.0,66.66666666666667,0.6712310377231843
1655,158.1,35.0,58.333333333333336,0.5873271580077862
1656,158.12,35.0,58.333333333333336,0.5873271580077862
1657,158.14,33.0,55.0,0.5537656061216271
1658,158.16,34.0,56.66666666666667,0.5705463820647066
1659,158.18,35.0,58.333333333333336,0.5873271580077862
1660,158.2,44.0,73.33333333333334,0.7383541414955028
1661,158.22,25.0,41.66666666666667,0.4195193985769902
1662,158.24,26.0,43.333333333333336,0.4363001745200698
1663,158.26,45.0,75.0,0.7551349174385823
1664,158.28,46.0,76.66666666666667,0.771915693381662
1665,158.3,32.0,53.333333333333336,0.5369848301785475
1666,158.32,37.0,61.66666666666667,0.6208887098939455
1667,158.34,32.0,53.333333333333336,0.5369848301785475
1668,158.36,41.0,68.33333333333334,0.688011813666264
1669,158.38,44.0,73.33333333333334,0.7383541414955028
1670,158.4,28.0,46.66666666666667,0.46986172640622903
1671,158.42,36.0,60.0,0.6041079339508658
1672,158.44,28.0,46.66666666666667,0.46986172640622903
1673,158.46,35.0,58.333333333333336,0.5873271580077862
1674,158.48,31.0,51.66666666666667,0.5202040542354679
1675,158.5,32.0,53.333333333333336,0.5369848301785475
1676,158.52,32.0,53.333333333333336,0.5369848301785475
1677,158.54,43.0,71.66666666666667,0.7215733655524231
1678,158.56,36.0,60.0,0.6041079339508658
1679,158.58,37.0,61.66666666666667,0.6208887098939455
1680,158.6,33.0,55.0,0.5537656061216271
1681,158.62,33.0,55.0,0.5537656061216271
1682,158.64,37.0,61.66666666666667,0.6208887098939455
1683,158.66,31.0,51.66666666666667,0.5202040542354679
1684,158.68,38.0,63.333333333333336,0.6376694858370251
1685,158.7,47.0,78.33333333333334,0.7886964693247416
1686,158.72,26.0,43.333333333333336,0.4363001745200698
1687,158.74,25.0,41.66666666666667,0.4195193985769902
1688,158.76,28.0,46.66666666666667,0.46986172640622903
1689,158.78,23.0,38.333333333333336,0.385957846690831
1690,158.8,35.0,58.333333333333336,0.5873271580077862
1691,158.82,30.0,50.0,0.5034232782923882
1692,158.84,34.0,56.66666666666667,0.5705463820647066
1693,158.86,37.0,61.66666666666667,0.6208887098939455
1694,158.88,39.0,65.0,0.6544502617801047
1695,158.9,26.0,43.333333333333336,0.4363001745200698
1696,158.92,30.0,50.0,0.5034232782923882
1697,158.94,38.0,63.333333333333336,0.6376694858370251
1698,158.96,30.0,50.0,0.5034232782923882
1699,158.98,30.0,50.0,0.5034232782923882
1700,159.0,29.0,48.333333333333336,0.4866425023493086
1701,159.02,26.0,43.333333333333336,0.4363001745200698
1702,159.04,30.0,50.0,0.5034232782923882
1703,159.06,28.0,46.66666666666667,0.46986172640622903
1704,159.08,22.0,36.66666666666667,0.3691770707477514
1705,159.1,27.0,45.0,0.4530809504631494
1706,159.12,27.0,45.0,0.4530809504631494
1707,159.14,26.0,43.333333333333336,0.4363001745200698
1708,159.16,19.0,31.666666666666668,0.31883474291851255
1709,159.18,34.0,56.66666666666667,0.5705463820647066
1710,159.2,30.0,50.0,0.5034232782923882
1711,159.22,27.0,45.0,0.4530809504631494
1712,159.24,38.0,63.333333333333336,0.6376694858370251
1713,159.26,28.0,46.66666666666667,0.46986172640622903
1714,159.28,30.0,50.0,0.5034232782923882
1715,159.3,22.0,36.66666666666667,0.3691770707477514
1716,159.32,24.0,40.0,0.4027386226339106
1717,159.34,34.0,56.66666666666667,0.5705463820647066
1718,159.36,24.0,40.0,0.4027386226339106
1719,159.38,26.0,43.333333333333336,0.4363001745200698
1720,159.4,28.0,46.66666666666667,0.46986172640622903
1721,159.42,35.0,58.333333333333336,0.5873271580077862
1722,159.44,39.0,65.0,0.6544502617801047
1723,159.46,30.0,50.0,0.5034232782923882
1724,159.48,36.0,60.0,0.6041079339508658
1725,159.5,32.0,53.333333333333336,0.5369848301785475
1726,159.52,34.0,56.66666666666667,0.5705463820647066
1727,159.54,30.0,50.0,0.5034232782923882
1728,159.56,36.0,60.0,0.6041079339508658
1729,159.58,28.0,46.66666666666667,0.46986172640622903
1730,159.6,25.0,41.66666666666667,0.4195193985769902
1731,159.62,31.0,51.66666666666667,0.5202040542354679
1732,159.64,24.0,40.0,0.4027386226339106
1733,159.66,42.0,70.0,0.7047925896093434
1734,159.68,22.0,36.66666666666667,0.3691770707477514
1735,159.7,30.0,50.0,0.5034232782923882
1736,159.72,32.0,53.333333333333336,0.5369848301785475
1737,159.74,21.0,35.0,0.3523962948046717
1738,159.76,29.0,48.333333333333336,0.4866425023493086
1739,159.78,27.0,45.0,0.4530809504631494
1740,159.8,24.0,40.0,0.4027386226339106
1741,159.82,30.0,50.0,0.5034232782923882
1742,159.84,36.0,60.0,0.6041079339508658
1743,159.86,35.0,58.333333333333336,0.5873271580077862
1744,159.88,20.0,33.333333333333336,0.33561551886159213
1745,159.9,33.0,55.0,0.5537656061216271
1746,159.92,23.0,38.333333333333336,0.385957846690831
1747,159.94,22.0,36.66666666666667,0.3691770707477514
1748,159.96,28.0,46.66666666666667,0.46986172640622903
1749,159.98,24.0,40.0,0.4027386226339106
1750,160.0,30.0,50.0,0.5034232782923882
1751,160.02,21.0,35.0,0.3523962948046717
1752,160.04,30.0,50.0,0.5034232782923882
1753,160.06,28.0,46.66666666666667,0.46986172640622903
1754,160.08,42.0,70.0,0.7047925896093434
1755,160.1,28.0,46.66666666666667,0.46986172640622903
1756,160.12,35.0,58.333333333333336,0.5873271580077862
1757,160.14,32.0,53.333333333333336,0.5369848301785475
1758,160.16,30.0,50.0,0.5034232782923882
1759,160.18,33.0,55.0,0.5537656061216271
1760,160.2,17.0,28.333333333333336,0.2852731910323533
1761,160.22,29.0,48.333333333333336,0.4866425023493086
1762,160.24,23.0,38.333333333333336,0.385957846690831
1763,160.26,30.0,50.0,0.5034232782923882
1764,160.28,33.0,55.0,0.5537656061216271
1765,160.3,26.0,43.333333333333336,0.4363001745200698
1766,160.32,26.0,43.333333333333336,0.4363001745200698
1767,160.34,33.0,55.0,0.5537656061216271
1768,160.36,16.0,26.666666666666668,0.26849241508927374
1769,160.38,25.0,41.66666666666667,0.4195193985769902
1770,160.4,23.0,38.333333333333336,0.385957846690831
1771,160.42,28.0,46.66666666666667,0.46986172640622903
1772,160.44,14.0,23.333333333333336,0.23493086320311451
1773,160.46,23.0,38.333333333333336,0.385957846690831
1774,160.48,26.0,43.333333333333336,0.4363001745200698
1775,160.5,33.0,55.0,0.5537656061216271
1776,160.52,26.0,43.333333333333336,0.4363001745200698
1777,160.54,18.0,30.0,0.3020539669754329
1778,160.56,35.0,58.333333333333336,0.5873271580077862
1779,160.58,20.0,33.333333333333336,0.33561551886159213
1780,160.6,27.0,45.0,0.4530809504631494
1781,160.62,31.0,51.66666666666667,0.5202040542354679
1782,160.64,32.0,53.333333333333336,0.5369848301785475
1783,160.66,27.0,45.0,0.4530809504631494
1784,160.68,29.0,48.333333333333336,0.4866425023493086
1785,160.7,27.0,45.0,0.4530809504631494
1786,160.72,28.0,46.66666666666667,0.46986172640622903
1787,160.74,28.0,46.66666666666667,0.46986172640622903
1788,160.76,23.0,38.333333333333336,0.385957846690831
1789,160.78,30.0,50.0,0.5034232782923882
1790,160.8,30.0,50.0,0.5034232782923882
1791,160.82,27.0,45.0,0.4530809504631494
1792,160.84,25.0,41.66666666666667,0.4195193985769902
1793,160.86,22.0,36.66666666666667,0.3691770707477514
1794,160.88,28.0,46.66666666666667,0.46986172640622903
1795,160.9,22.0,36.66666666666667,0.3691770707477514
1796,160.92,23.0,38.333333333333336,0.385957846690831
1797,160.94,19.0,31.666666666666668,0.31883474291851255
1798,160.96,22.0,36.66666666666667,0.3691770707477514
1799,160.98,33.0,55.0,0.5537656061216271
1800,161.0,26.0,43.333333333333336,0.4363001745200698
1801,161.02,22.0,36.66666666666667,0.3691770707477514
1802,161.04,23.0,38.333333333333336,0.385957846690831
1803,161.06,28.0,46.66666666666667,0.46986172640622903
1804,161.08,26.0,43.333333333333336,0.4363001745200698
1805,161.1,26.0,43.333333333333336,0.4363001745200698
1806,161.12,19.0,31.666666666666668,0.31883474291851255
1807,161.14,30.0,50.0,0.5034232782923882
1808,161.16,17.0,28.333333333333336,0.2852731910323533
1809,161.18,23.0,38.333333333333336,0.385957846690831
1810,161.2,24.0,40.0,0.4027386226339106
1811,161.22,24.0,40.0,0.4027386226339106
1812,161.24,20.0,33.333333333333336,0.33561551886159213
1813,161.26,30.0,50.0,0.5034232782923882
1814,161.28,26.0,43.333333333333336,0.4363001745200698
1815,161.3,14.0,23.333333333333336,0.23493086320311451
1816,161.32,20.0,33.333333333333336,0.33561551886159213
1817,161.34,24.0,40.0,0.4027386226339106
1818,161.36,35.0,58.333333333333336,0.5873271580077862
1819,161.38,20.0,33.333333333333336,0.33561551886159213
1820,161.4,27.0,45.0,0.4530809504631494
1821,161.42,27.0,45.0,0.4530809504631494
1822,161.44,28.0,46.66666666666667,0.46986172640622903
1823,161.46,19.0,31.666666666666668,0.31883474291851255
1824,161.48,25.0,41.66666666666667,0.4195193985769902
1825,161.5,20.0,33.333333333333336,0.33561551886159213
1826,161.52,25.0,41.66666666666667,0.4195193985769902
1827,161.54,37.0,61.66666666666667,0.6208887098939455
1828,161.56,23.0,38.333333333333336,0.385957846690831
1829,161.58,37.0,61.66666666666667,0.6208887098939455
1830,161.6,24.0,40.0,0.4027386226339106
1831,161.62,33.0,55.0,0.5537656061216271
1832,161.64,16.0,26.666666666666668,0.26849241508927374
1833,161.66,24.0,40.0,0.4027386226339106
1834,161.68,25.0,41.66666666666667,0.4195193985769902
1835,161.7,22.0,36.66666666666667,0.3691770707477514
1836,161.72,19.0,31.666666666666668,0.31883474291851255
1837,161.74,21.0,35.0,0.3523962948046717
1838,161.76,21.0,35.0,0.3523962948046717
1839,161.78,38.0,63.333333333333336,0.6376694858370251
1840,161.8,27.0,45.0,0.4530809504631494
1841,161.82,26.0,43.333333333333336,0.4363001745200698
1842,161.84,25.0,41.66666666666667,0.4195193985769902
1843,161.86,27.0,45.0,0.4530809504631494
1844,161.88,14.0,23.333333333333336,0.23493086320311451
1845,161.9,22.0,36.66666666666667,0.3691770707477514
1846,161.92,24.0,40.0,0.4027386226339106
1847,161.94,36.0,60.0,0.6041079339508658
1848,161.96,25.0,41.66666666666667,0.4195193985769902
1849,161.98,17.0,28.333333333333336,0.2852731910323533
1850,162.0,29.0,48.333333333333336,0.4866425023493086
1851,162.02,26.0,43.333333333333336,0.4363001745200698
1852,162.04,26.0,43.333333333333336,0.4363001745200698
1853,162.06,24.0,40.0,0.4027386226339106
1854,162.08,20.0,33.333333333333336,0.33561551886159213
1855,162.1,24.0,40.0,0.4027386226339106
1856,162.12,27.0,45.0,0.4530809504631494
1857,162.14,10.0,16.666666666666668,0.16780775943079607
1858,162.16,28.0,46.66666666666667,0.46986172640622903
1859,162.18,26.0,43.333333333333336,0.4363001745200698
1860,162.2,31.0,51.66666666666667,0.5202040542354679
1861,162.22,21.0,35.0,0.3523962948046717
1862,162.24,19.0,31.666666666666668,0.31883474291851255
1863,162.26,29.0,48.333333333333336,0.4866425023493086
1864,162.28,22.0,36.66666666666667,0.3691770707477514
1865,162.3,18.0,30.0,0.3020539669754329
1866,162.32,27.0,45.0,0.4530809504631494
1867,162.34,18.0,30.0,0.3020539669754329
1868,162.36,16.0,26.666666666666668,0.26849241508927374
1869,162.38,28.0,46.66666666666667,0.46986172640622903
1870,162.4,21.0,35.0,0.3523962948046717
1871,162.42,14.0,23.333333333333336,0.23493086320311451
1872,162.44,21.0,35.0,0.3523962948046717
1873,162.46,22.0,36.66666666666667,0.3691770707477514
1874,162.48,21.0,35.0,0.3523962948046717
1875,162.5,23.0,38.333333333333336,0.385957846690831
1876,162.52,20.0,33.333333333333336,0.33561551886159213
1877,162.54,28.0,46.66666666666667,0.46986172640622903
1878,162.56,27.0,45.0,0.4530809504631494
1879,162.58,22.0,36.66666666666667,0.3691770707477514
1880,162.6,25.0,41.66666666666667,0.4195193985769902
1881,162.62,17.0,28.333333333333336,0.2852731910323533
1882,162.64,23.0,38.333333333333336,0.385957846690831
1883,162.66,25.0,41.66666666666667,0.4195193985769902
1884,162.68,16.0,26.666666666666668,0.26849241508927374
1885,162.7,19.0,31.666666666666668,0.31883474291851255
1886,162.72,22.0,36.66666666666667,0.3691770707477514
1887,162.74,18.0,30.0,0.3020539669754329
1888,162.76,22.0,36.66666666666667,0.3691770707477514
1889,162.78,16.0,26.666666666666668,0.26849241508927374
1890,162.8,18.0,30.0,0.3020539669754329
1891,162.82,13.0,21.666666666666668,0.2181500872600349
1892,162.84,18.0,30.0,0.3020539669754329
1893,162.86,33.0,55.0,0.5537656061216271
1894,162.88,29.0,48.333333333333336,0.4866425023493086
1895,162.9,19.0,31.666666666666668,0.31883474291851255
1896,162.92,18.0,30.0,0.3020539669754329
1897,162.94,26.0,43.333333333333336,0.4363001745200698
1898,162.96,21.0,35.0,0.3523962948046717
1899,162.98,17.0,28.333333333333336,0.2852731910323533
1900,163.0,27.0,45.0,0.4530809504631494
1901,163.02,15.0,25.0,0.2517116391461941
1902,163.04,17.0,28.333333333333336,0.2852731910323533
1903,163.06,22.0,36.66666666666667,0.3691770707477514
1904,163.08,20.0,33.333333333333336,0.33561551886159213
1905,163.1,24.0,40.0,0.4027386226339106
1906,163.12,24.0,40.0,0.4027386226339106
1907,163.14,22.0,36.66666666666667,0.3691770707477514
1908,163.16,17.0,28.333333333333336,0.2852731910323533
1909,163.18,17.0,28.333333333333336,0.2852731910323533
1910,163.2,21.0,35.0,0.3523962948046717
1911,163.22,24.0,40.0,0.4027386226339106
1912,163.24,21.0,35.0,0.3523962948046717
1913,163.26,27.0,45.0,0.4530809504631494
1914,163.28,17.0,28.333333333333336,0.2852731910323533
1915,163.3,19.0,31.666666666666668,0.31883474291851255
1916,163.32,19.0,31.666666666666668,0.31883474291851255
1917,163.34,19.0,31.666666666666668,0.31883474291851255
1918,163.36,20.0,33.333333333333336,0.33561551886159213
1919,163.38,18.0,30.0,0.3020539669754329
1920,163.4,17.0,28.333333333333336,0.2852731910323533
1921,163.42,22.0,36.66666666666667,0.3691770707477514
1922,163.44,24.0,40.0,0.4027386226339106
1923,163.46,24.0,40.0,0.4027386226339106
1924,163.48,17.0,28.333333333333336,0.2852731910323533
1925,163.5,17.0,28.333333333333336,0.2852731910323533
1926,163.52,17.0,28.333333333333336,0.2852731910323533
1927,163.54,19.0,31.666666666666668,0.31883474291851255
1928,163.56,21.0,35.0,0.3523962948046717
1929,163.58,14.0,23.333333333333336,0.23493086320311451
1930,163.6,24.0,40.0,0.4027386226339106
1931,163.62,27.0,45.0,0.4530809504631494
1932,163.64,17.0,28.333333333333336,0.2852731910323533
1933,163.66,16.0,26.666666666666668,0.26849241508927374
1934,163.68,15.0,25.0,0.2517116391461941
1935,163.7,16.0,26.666666666666668,0.26849241508927374
1936,163.72,22.0,36.66666666666667,0.3691770707477514
1937,163.74,22.0,36.66666666666667,0.3691770707477514
1938,163.76,13.0,21.666666666666668,0.2181500872600349
1939,163.78,30.0,50.0,0.5034232782923882
1940,163.8,30.0,50.0,0.5034232782923882
1941,163.82,27.0,45.0,0.4530809504631494
1942,163.84,19.0,31.666666666666668,0.31883474291851255
1943,163.86,28.0,46.66666666666667,0.46986172640622903
1944,163.88,20.0,33.333333333333336,0.33561551886159213
1945,163.9,18.0,30.0,0.3020539669754329
1946,163.92,27.0,45.0,0.4530809504631494
1947,163.94,12.0,20.0,0.2013693113169553
1948,163.96,24.0,40.0,0.4027386226339106
1949,163.98,24.0,40.0,0.4027386226339106
1950,164.0,17.0,28.333333333333336,0.2852731910323533
1951,164.02,17.0,28.333333333333336,0.2852731910323533
1952,164.04,20.0,33.333333333333336,0.33561551886159213
1953,164.06,17.0,28.333333333333336,0.2852731910323533
1954,164.08,10.0,16.666666666666668,0.16780775943079607
1955,164.1,23.0,38.333333333333336,0.385957846690831
1956,164.12,18.0,30.0,0.3020539669754329
1957,164.14,22.0,36.66666666666667,0.3691770707477514
1958,164.16,21.0,35.0,0.3523962948046717
1959,164.18,18.0,30.0,0.3020539669754329
1960,164.2,19.0,31.666666666666668,0.31883474291851255
1961,164.22,18.0,30.0,0.3020539669754329
1962,164.24,25.0,41.66666666666667,0.4195193985769902
1963,164.26,13.0,21.666666666666668,0.2181500872600349
1964,164.28,21.0,35.0,0.3523962948046717
1965,164.3,20.0,33.333333333333336,0.33561551886159213
1966,164.32,22.0,36.66666666666667,0.3691770707477514
1967,164.34,22.0,36.66666666666667,0.3691770707477514
1968,164.36,19.0,31.666666666666668,0.31883474291851255
1969,164.38,25.0,41.66666666666667,0.4195193985769902
1970,164.4,24.0,40.0,0.4027386226339106
1971,164.42,16.0,26.666666666666668,0.26849241508927374
1972,164.44,16.0,26.666666666666668,0.26849241508927374
1973,164.46,25.0,41.66666666666667,0.4195193985769902
1974,164.48,19.0,31.666666666666668,0.31883474291851255
1975,164.5,16.0,26.666666666666668,0.26849241508927374
1976,164.52,17.0,28.333333333333336,0.2852731910323533
1977,164.54,23.0,38.333333333333336,0.385957846690831
1978,164.56,14.0,23.333333333333336,0.23493086320311451
1979,164.58,17.0,28.333333333333336,0.2852731910323533
1980,164.6,20.0,33.333333333333336,0.33561551886159213
1981,164.62,12.0,20.0,0.2013693113169553
1982,164.64,11.0,18.333333333333336,0.1845885353738757
1983,164.66,24.0,40.0,0.4027386226339106
1984,164.68,24.0,40.0,0.4027386226339106
1985,164.7,19.0,31.666666666666668,0.31883474291851255
1986,164.72,28.0,46.66666666666667,0.46986172640622903
1987,164.74,19.0,31.666666666666668,0.31883474291851255
1988,164.76,27.0,45.0,0.4530809504631494
1989,164.78,15.0,25.0,0.2517116391461941
1990,164.8,16.0,26.666666666666668,0.26849241508927374
1991,164.82,18.0,30.0,0.3020539669754329
1992,164.84,14.0,23.333333333333336,0.23493086320311451
1993,164.86,16.0,26.666666666666668,0.26849241508927374
1994,164.88,19.0,31.666666666666668,0.31883474291851255
1995,164.9,14.0,23.333333333333336,0.23493086320311451
1996,164.92,10.0,16.666666666666668,0.16780775943079607
1997,164.94,18.0,30.0,0.3020539669754329
1998,164.96,14.0,23.333333333333336,0.23493086320311451
1999,164.98,16.0,26.666666666666668,0.26849241508927374
2000,165.0,10.0,16.666666666666668,0.16780775943079607
