,L,cps,cps_per_nA,cps_per_nA_stdev,baseline,cps_per_nA_corrected,fit
0,125.0,37.11111111111112,3.711970517366947,1.6213657336610685,4.3447081066095645,-0.6327375892426175,3.410659074529563e-05
1,125.1,45.00000000000001,4.500991674612308,1.7750711290308463,4.301043069055354,0.19994860555695393,3.746621942560593e-05
2,125.2,41.333333333333336,4.134233872613208,1.8930202585101057,4.258081924413331,-0.12384805180012304,4.113878190097003e-05
3,125.3,39.777777777777786,3.9786949987394378,1.4142651441805911,4.215809625523321,-0.2371146267838835,4.515158267815029e-05
4,125.4,40.11111111111112,4.012039441833293,1.5897596415378672,4.17421152513483,-0.1621720833015372,4.9534127937613646e-05
5,125.5,45.11111111111112,4.512140629787854,1.761516488394686,4.133273363221438,0.37886726656641656,5.431828616093983e-05
6,125.6,40.888888888888886,4.089885054661265,1.64922490895629,4.092981254762062,-0.003096200100797475,5.953845897187367e-05
7,125.7,37.55555555555555,3.7563249163521193,1.4955426395174365,4.0533216779697305,-0.29699676161761124,6.523176271247933e-05
8,125.8,42.22222222222222,4.22322504042296,1.4490781459913464,4.01428146294912,0.20894357747383996,7.143822129192827e-05
9,125.9,40.00000000000001,4.000950583421572,1.4762258751766055,3.9758477807651103,0.025102802656461698,7.82009708610892e-05
10,126.0,37.8888888888889,3.789713813447287,1.5848059395548462,3.9380081329055043,-0.14829431945821714,8.55664768811672e-05
11,126.1,39.22222222222222,3.923151688654072,1.7773040627913088,3.900750341121647,0.022401347532424953,9.358476416915615e-05
12,126.2,41.55555555555555,4.156414923989235,1.705727224373016,3.864062537631609,0.29235238635762606,0.00010230966051653766
13,126.3,35.666666666666664,3.567497161801101,1.4031033042505696,3.8279331556712233,-0.2604359938701224,0.00011179905449051313
14,126.4,37.11111111111112,3.7118993404285097,1.4676024946309132,3.7923509203788504,-0.08045157995034069,0.0001221151680388721
15,126.5,36.77777777777778,3.6787027962131975,1.872517641734476,3.7573048400006037,-0.0786020437874062,0.0001333248445301943
16,126.6,40.333333333333336,4.034223850916673,1.3633814268830329,3.7227841974030733,0.3114396535135997,0.00014549985287046986
17,126.7,34.8888888888889,3.4896749304776127,1.3899965544064463,3.688778541881459,-0.19910361140384625,0.00015871720834499136
18,126.8,38.11111111111111,3.811952727808148,1.4663299527466187,3.6552776812513423,0.15667504655680586,0.00017305951084061082
19,126.9,37.44444444444444,3.745308274234865,1.3939407054960016,3.6222716742129224,0.12303660002194272,0.0001886153011078127
20,127.0,36.77777777777778,3.678629377885382,1.7408495830191577,3.589750822977119,0.08887855490826313,0.00020547943572435902
21,127.1,36.55555555555557,3.656330449095911,1.478279554053773,3.55770566614322,0.09862478295269117,0.00022375348142248704
22,127.2,39.000000000000014,3.900828221959967,1.8373327704049724,3.526126971818412,0.374701250141555,0.00024354612943930124
23,127.3,37.66666666666667,3.767494927562839,1.60497318837246,3.495005730969811,0.2724891965930283,0.0002649736305451674
24,127.4,33.66666666666667,3.367383752185828,1.575123536288287,3.464333151000024,-0.09694939881419584,0.0002881602513972565
25,127.5,36.777777777777786,3.678765059114831,1.4018264947904302,3.4341006495377817,0.24466440957704938,0.0003132387528545191
26,127.6,36.44444444444444,3.6452560919779007,1.8157434748119885,3.404299848435345,0.24095624354255563,0.0003403508908765236
27,127.7,35.88888888888889,3.5896893489756327,1.5594213948054068,3.3749225679649486,0.21476678101068414,0.0003696479406108955
28,127.8,35.77777777777778,3.5785638204643835,1.4142253822249504,3.3459608212067398,0.23260299925764372,0.0004012912442529409
29,127.9,40.55555555555556,4.056560654959403,1.9151429005888216,3.3174068086209667,0.7391538463384366,0.0004354527832358016
30,128.0,34.88888888888889,3.4896804774601105,1.301964185876611,3.2892529127976715,0.20042756466243894,0.000472315775279897
31,128.1,37.0,3.7009539331179138,1.6174285628543796,3.261491693377132,0.4394622397407817,0.0005120752967966931
32,128.2,38.0,3.8008860811622216,1.6882484944904588,3.234115882134849,0.5667701990273728,0.0005549389311029757
33,128.3,35.11111111111111,3.5119471886070937,1.465331524458548,3.207118378224955,0.3048288103821388,0.0006011274428584173
34,128.4,34.666666666666664,3.4675394331789624,1.3045893853779702,3.1804922435762926,0.28704718960266984,0.0006508754790902458
35,128.5,33.55555555555556,3.356336013877813,1.6149139796777292,3.154230698435483,0.20210531544233,0.0007044322971149543
36,128.6,34.55555555555556,3.4563215515297228,1.5180920302467449,3.128327117051768,0.32799443447795484,0.0007620625196066161
37,128.7,35.11111111111111,3.5119015980269324,1.3711461334091628,3.102775023498438,0.4091265745284942,0.0008240469169960901
38,128.8,37.55555555555557,3.7563849416963215,1.525182831452796,3.0775680876258935,0.678816854070428,0.0008906832173132747
39,128.9,31.0,3.100611450677272,1.6548044091411795,3.052700121141724,0.04791132953554822,0.0009622869435062962
40,129.0,33.666666666666664,3.3674248992094524,1.517821669939155,3.0281650738131205,0.3392598253963319,0.0010391922781872523
41,129.1,32.0,3.2007926768654515,1.3977927729889852,3.0039570297874345,0.19683564707801704,0.0011217529556619597
42,129.2,31.22222222222222,3.122961584028565,1.2798534269968365,2.9800702040265907,0.14289138000197443,0.0012103431810036403
43,129.3,32.22222222222222,3.2230193915932253,1.56483778317343,2.956498938851392,0.2665204527418332,0.0013053585758246691
44,129.4,29.888888888888896,2.9896004592417014,1.518201239810414,2.9332377005918806,0.056362758649820766,0.0014072171502880796
45,129.5,32.44444444444444,3.245211573898045,1.6081330581927136,2.9102810763399605,0.33493049755808446,0.001516360300781273
46,129.6,29.33333333333334,2.933952565671203,1.295213305598454,2.887623770800868,0.04632879487033481,0.0016332538325463445
47,129.7,28.888888888888896,2.889584877429327,0.9165903141684004,2.865260603239946,0.02432427418938099,0.0017583890064279007
48,129.8,29.22222222222222,2.922939334886997,1.361834269679606,2.8431865045215012,0.07975283036549596,0.0018922836087567401
49,129.9,31.222222222222225,3.122996005428431,1.5944693221597583,2.8213965142365884,0.3015994911918427,0.0020354830432382925
50,130.0,28.22222222222222,2.8228459443973137,1.4111249550663252,2.799885777916618,0.022960166480695765,0.0021885614435587274
51,130.1,28.11111111111111,2.8117792999730025,1.3939810230347045,2.778649544329954,0.03312975564304832,0.002352122805256122
52,130.2,27.777777777777786,2.7785037519465985,1.236844233611765,2.7576831628586422,0.020820589087956254,0.00252680213523411
53,130.3,27.555555555555557,2.756121418982725,1.4731926660331478,2.736982080952558,0.019139338030166986,0.0027132666171161804
54,130.4,29.444444444444446,2.9451904497658243,1.4056559117557876,2.7165418416584295,0.22864860810739485,0.0029122167904534575
55,130.5,31.111111111111107,3.111725915033261,1.6496399620019917,2.6963580812211205,0.4153678338121405,0.003124387741607875
56,130.6,29.11111111111112,2.9117525883661246,1.4606739786614038,2.676426526754912,0.23532606161121272,0.003350550303932475
57,130.7,30.555555555555557,3.05625487642669,1.4368432225648553,2.6567429939823306,0.3995118824443593,0.0035915122646682025
58,130.8,26.22222222222223,2.622852591717977,1.3874935662374657,2.637303385038379,-0.014450793320402333,0.003848119575765449
59,130.9,27.444444444444443,2.7451226273963134,1.149168053261702,2.618103686337978,0.12701894105833533,0.004121257565623521
60,131.0,23.66666666666667,2.367222552901543,1.2618409562681867,2.5991399665045254,-0.23191741360298224,0.004411852148522738
61,131.1,24.222222222222225,2.4227225213243475,1.2765673222170484,2.580408374357644,-0.1576858530332963,0.004720871028297592
62,131.2,27.33333333333333,2.7339692765081494,1.2397955363845432,2.5619051369581465,0.17206413955000288,0.005049324892574392
63,131.3,25.77777777777778,2.578419299753715,1.2680611198258267,2.5436265577083566,0.03479274204535843,0.005398268593665318
64,131.4,23.11111111111111,2.3116036292133613,1.1054574377857027,2.525569014506069,-0.21396538529270792,0.005768802311978201
65,131.5,24.222222222222225,2.422774785912118,1.3500237543091322,2.5077289579503086,-0.08495417203819056,0.006162072697569889
66,131.6,25.22222222222222,2.52279701369252,1.155466426092977,2.490102909597365,0.032694104095155385,0.0065792739852335545
67,131.7,22.11111111111111,2.211635869778044,1.1581376074866565,2.472687460265406,-0.2610515904873618,0.007021649078280221
68,131.8,27.22222222222222,2.722952689130707,1.5465742913594638,2.4554792683861653,0.2674734207445417,0.007490490595940859
69,131.9,23.999999999999996,2.400486964216777,1.1752168302094566,2.43847505840223,-0.037988094185453125,0.007987141879085755
70,132.0,24.0,2.4006103957549527,1.3733572811553367,2.4216716192084364,-0.021061223453483713,0.008512997948734558
71,132.1,24.111111111111107,2.4116047290905187,1.2178324678301191,2.4050658026360647,0.006538926454453975,0.009069506411604892
72,132.2,21.666666666666668,2.1671413751750754,1.1264875784116366,2.388654521978448,-0.22151314680337242,0.009658168306736874
73,132.3,20.77777777777777,2.078219132937705,1.2480092848690751,2.372434750556711,-0.29421561761900605,0.010280538887020674
74,132.4,25.222222222222214,2.522891535205908,1.193638902690718,2.3564035203244345,0.16648801488147358,0.010938228329254784
75,132.5,22.55555555555556,2.256086987119855,1.2716429978150572,2.340557920509955,-0.08447093339009992,0.011632902366177063
76,132.6,25.77777777777778,2.5783091784066645,1.2500955621611205,2.324895096295262,0.2534140821114024,0.012366282833726925
77,132.7,24.11111111111111,2.4116903479085745,1.5161913591838838,2.309412247530271,0.10227810037830354,0.013140148126638265
78,132.8,21.222222222222225,2.122632473188393,1.1254308135268976,2.294106627481443,-0.1714741542930498,0.013956333555308644
79,132.9,21.666666666666668,2.167198098228761,1.0727391185705084,2.278975541613705,-0.11177744338494389,0.014816731596755714
80,133.0,23.33333333333333,2.333881453260369,1.2144295615563887,2.2640163464046266,0.06986510685574254,0.015723292032359018
81,133.1,23.555555555555557,2.3560213658329103,1.2501173585383465,2.2492264481899245,0.10679491764298588,0.016678021964979375
82,133.2,22.333333333333336,2.233741345165544,1.3156391697238263,2.2346033020393374,-0.0008619568737935346,0.017682985707978587
83,133.3,21.111111111111107,2.1115180368668405,1.181226068319511,2.2201444106619386,-0.1086263737950981,0.018740304538602228
84,133.4,22.111111111111107,2.211642550016149,1.1453080726010614,2.205847323340061,0.005795226676088117,0.01985215630815662
85,133.5,20.88888888888889,2.0892935699513,1.3249069757562124,2.191709634890903,-0.10241606493960287,0.021020774901410542
86,133.6,21.88888888888889,2.1894625836101054,1.174766453391085,2.1777289846550882,0.011733598955017133,0.02224844953766316
87,133.7,21.66666666666667,2.1672459395218686,1.280708791137822,2.1639030555113146,0.003342884010554048,0.023537523905978658
88,133.8,23.33333333333334,2.3338580895514145,1.1191124728905524,2.1502295729163574,0.18362851663505708,0.024890395127162047
89,133.9,21.88888888888889,2.1893614105591124,1.0117961130265531,2.1367063039696834,0.05265510658942896,0.02630951253516052
90,134.0,19.66666666666667,1.9671191505179375,1.111977125655417,2.1233310565019288,-0.15621190598399126,0.027797376270725854
91,134.1,20.44444444444445,2.044923631222507,1.1794741540002975,2.110101678186589,-0.06517804696408191,0.029356535680338545
92,134.2,23.55555555555556,2.356011384425083,1.3305239855567064,2.0970160556742283,0.2589953287508546,0.030989587513620673
93,134.3,20.77777777777778,2.078170239840797,1.7045133353059847,2.0840721137485403,-0.005901873907743216,0.032699173912707734
94,134.4,19.33333333333333,1.9337769285201163,1.2515746188646129,2.0712678145036856,-0.1374908859835693,0.034487980187338264
95,134.5,18.666666666666668,1.8671447342060088,1.1665401056806883,2.058601156542205,-0.19145642233619609,0.03635873236975733
96,134.6,20.333333333333336,2.033699085575803,1.2791454411782086,2.0460701741930327,-0.012371088617229908,0.03831419454388361
97,134.7,22.000000000000004,2.20061929508235,1.2904460043162151,2.033672936748946,0.1669463583334041,0.04035716594361735
98,134.8,20.22222222222222,2.0226891604141097,1.1418978424735295,2.021407547722945,0.0012816126911645576,0.042490477815613215
99,134.9,20.111111111111107,2.0114724244725872,1.262002782071495,2.0092721441230355,0.0022002803495517753,0.044716990042343384
100,135.0,19.666666666666668,1.9671280411819536,0.8559102690895083,1.9972648957448353,-0.030136854562881732,0.047039587521837734
101,135.1,19.66666666666667,1.9671191859021997,1.021771396227729,1.9853840044815958,-0.018264818579396103,0.04946117630107086
102,135.2,15.666666666666666,1.5670691539898556,1.046178289815588,1.9736277036510772,-0.4065585496612216,0.05198467946064384
103,135.3,19.77777777777778,1.978180247741268,1.154675681845143,1.9619942573388367,0.016185990402431294,0.054613032749119356
104,135.4,20.11111111111111,2.011605854771141,1.0508310380614112,1.9504819597574905,0.06112389501365034,0.05734917996616119
105,135.5,19.555555555555557,1.9560347251966768,1.024919104868636,1.9390891346214556,0.01694559057522116,0.060196068094520286
106,135.6,18.888888888888896,1.8892824586100403,0.9976267695090508,1.9278141345368058,-0.03853167592676554,0.06315664218186276
107,135.7,20.88888888888889,2.089336907373739,1.0715855233197689,1.9166553404057922,0.1726815669679469,0.06623383997456336
108,135.8,19.88888888888889,1.98933247851084,1.1256061973301277,1.9056111608456214,0.08372131766521851,0.06943058630683521
109,135.9,19.11111111111112,1.911613641112827,1.1959858523326483,1.8946800316211412,0.016933609491685875,0.07274978725002833
110,136.0,19.66666666666667,1.967114698508148,1.2793057711767772,1.8838604150909857,0.08325428341716234,0.07619432402867847
111,136.1,16.88888888888889,1.6892346500329245,1.0146308579040908,1.8731507996669001,-0.18391614963397562,0.07976704671193306
112,136.2,18.000000000000004,1.800451387314524,1.1044665657065549,1.8625496992858206,-0.06209831197129656,0.08347076769155377
113,136.3,20.0,2.0004580510809493,1.1419804143561858,1.8520556528944003,0.148402398186549,0.08730825496083074
114,136.4,18.77777777777777,1.878168010720988,1.0646699287583554,1.8416672239456489,0.03650078677533908,0.09128222521271281
115,136.5,18.222222222222225,1.822644703747939,0.949824528012054,1.831382999907324,-0.008738296159384928,0.09539533678053601
116,136.6,18.000000000000004,1.8004747556936134,1.0705478509959296,1.8212015917818176,-0.020726836088204248,0.0996501824511935
117,136.7,20.888888888888893,2.0893647188585067,1.092063009050419,1.8111216336371923,0.27824308522131447,0.10404928218904974
118,136.8,19.66666666666667,1.967086904605435,1.1382203284398165,1.8011417821490767,0.16594512245635817,0.1085950758198588
119,136.9,19.88888888888889,1.989354732549572,1.0785547154343134,1.7912607161531626,0.19809401639640933,0.11328991573834629
120,137.0,20.555555555555557,2.05604694597024,1.1177413632069937,1.7814771362079664,0.27456980976227374,0.11813605972214065
121,137.1,20.444444444444446,2.0448824690552607,1.228704167974479,1.7717897641676568,0.27309270488760395,0.12313566395993276
122,137.2,19.666666666666668,1.9671113675058405,1.0985610173191531,1.762197342764631,0.20491402474120957,0.1282907764355879
123,137.3,20.555555555555557,2.056029159962319,1.104407128690995,1.7526986352016096,0.30333052476070943,0.1336033308556206
124,137.4,20.22222222222222,2.022728086332409,1.1739785842819834,1.7432924247530077,0.27943566157940136,0.13907514136998667
125,137.5,17.666666666666668,1.767085823202293,1.1665501389013364,1.7339775143753131,0.033108308826979904,0.14470789842284806
126,137.6,17.888888888888893,1.7892479577720566,1.226419843948985,1.7247527263262765,0.06449523144578007,0.1505031661916241
127,137.7,19.33333333333333,1.9336979821374816,1.5903221449597316,1.7156169017926666,0.218081080344815,0.1564623822456945
128,137.8,18.222222222222225,1.8226569472108527,1.24679967222641,1.706568900526364,0.11608804668448869,0.16258686030447722
129,137.9,21.11111111111111,2.111662572040506,1.206352956201762,1.6976076004886131,0.41405497155189286,0.1688777973335889
130,138.0,16.888888888888893,1.6891690403251032,1.1513550211914196,1.6887318975021683,0.00043714282293483286,0.1753362867378874
131,138.1,16.555555555555557,1.6559413313728608,1.0221708042475517,1.679940704911198,-0.023999373538337254,0.18196334016184823
132,138.2,21.55555555555556,2.156009158413574,1.6392608173483378,1.6712329532487042,0.48477620516486963,0.18875992148679824
133,138.3,17.666666666666668,1.767015753245569,1.0600141168881685,1.6626075899112867,0.10440816333428238,0.19572699814547184
134,138.4,17.77777777777778,1.7782858992663015,1.2280614496978488,1.6540635788410705,0.12422232042523107,0.20286561701202394
135,138.5,19.11111111111111,1.911540251060509,1.202058077667423,1.6455999002145947,0.2659403508459144,0.21017701504989825
136,138.6,18.22222222222222,1.8225657282146144,0.9339785412885492,1.6372155501385197,0.18535017807609466,0.21766277880077606
137,138.7,17.11111111111111,1.7115002257167755,1.0777361981570464,1.6289095403519638,0.08259068536481173,0.22532507184586095
138,138.8,18.333333333333336,1.8337424648344185,1.146011669880919,1.6206808979353005,0.21306156689911804,0.23316695566609388
139,138.9,20.555555555555557,2.0560146987256758,1.1177933496599264,1.612528665025285,0.44348603370039075,0.2411928368257915
140,139.0,19.666666666666668,1.967089151087213,0.9617972343829094,1.6044518985363019,0.36263725255091117,0.24940908181290258
141,139.1,18.888888888888893,1.8894058734537775,1.181620421713528,1.5964496698876443,0.2929562035661333,0.25782484952572926
142,139.2,18.0,1.8004057998383218,1.0634981933711567,1.588521064736629,0.2118847351016928,0.26645319913353444
143,139.3,19.22222222222222,1.922661366293717,1.2774183684365368,1.5806651827174316,0.3419961835762855,0.2753125360658588
144,139.4,18.0,1.8004291366189409,0.8971743604353902,1.5728811371854947,0.22754799943344617,0.28442845872235434
145,139.5,19.77777777777778,1.9782714137770687,1.0819599115135734,1.5651680549673581,0.4131033588097106,0.29383606000891166
146,139.6,18.33333333333333,1.8337491404072668,1.1653694997991482,1.5575250761158106,0.2762240642914562,0.30358271741069043
147,139.7,18.33333333333333,1.8338381029129185,1.0375971136987585,1.5499513536702119,0.2838867492427066,0.31373136938507074
148,139.8,20.33333333333333,2.0338269762300567,1.363537215941362,1.5424460534218616,0.4913809228081951,0.32436422140404564
149,139.9,19.555555555555557,1.955990276104756,1.067338195322409,1.5350083536843133,0.42098192242044274,0.3355867505495708
150,140.0,16.88888888888889,1.689302473070438,1.0074454740410954,1.5276374450684778,0.16166502800196025,0.3475317843634137
151,140.1,17.55555555555555,1.7559224325871547,1.0680074774251096,1.5203325302624442,0.23558990232471055,0.3603633226453021
152,140.2,20.444444444444446,2.044895838210152,1.2407825513185209,1.513092823815879,0.5318030143942729,0.37427965975674876
153,140.3,20.0,2.000384649692171,1.525246439254369,1.505917551928901,0.49446709776327014,0.3895152645369954
154,140.4,19.11111111111111,1.9115980826749064,1.170877536379421,1.4988059522453347,0.41279213042957164,0.4063408047247111
155,140.5,18.333333333333336,1.833750242276538,1.1132669206359325,1.4917572736502165,0.34199296862632145,0.4250606855731221
156,140.6,17.11111111111111,1.7115002154777998,0.9917321794086248,1.4847707760714826,0.2267294394063173,0.4460075313290942
157,140.7,17.11111111111111,1.7115191518673143,1.2317433469821326,1.4778457302857224,0.23367342158159188,0.46953319299931484
158,140.8,19.444444444444443,1.9449136377979948,1.1696727656009818,1.4709814177279017,0.47393222007009306,0.495996127470241
159,140.9,20.444444444444446,2.044935862670207,1.0534443210417272,1.4641771303049815,0.5807587323652255,0.5257453592528669
160,141.0,20.222222222222225,2.02266916108752,1.3771069160371063,1.457432170213306,0.5652369908742139,0.5591016869699648
161,141.1,20.55555555555556,2.055933543251129,1.6614106735020266,1.4507458497597145,0.6051876934914144,0.5963372925500363
162,141.2,21.777777777777786,2.178272524772608,1.1148988330083471,1.444117491186264,0.7341550335863438,0.6376553935208504
163,141.3,23.888888888888896,2.3894414623774565,1.1177806246964197,1.4375464264984834,0.9518950358789731,0.6831719753682601
164,141.4,24.33333333333333,2.433900349376674,1.5149427447993746,1.4310319972970924,1.0028683520795818,0.7329018738769557
165,141.5,20.22222222222222,2.0227580997857637,1.1613616264712177,1.424573554613075,0.5981845451726886,0.7867514755163152
166,141.6,24.444444444444443,2.444951387517273,1.2274617409137234,1.4181704587460728,1.0267809287712002,0.8445200162366211
167,141.7,20.777777777777786,2.0782513786306587,1.5595686413028604,1.411822079105984,0.6664292995246748,0.9059108675062233
168,141.8,26.33333333333333,2.6339059050385867,1.1051873500100116,1.405527794057718,1.2283781109808687,0.9705533276620271
169,141.9,22.33333333333333,2.233763591850378,1.4751398832138138,1.3992869907690335,0.8344766010813447,1.0380343575930089
170,142.0,24.33333333333333,2.433862532882992,1.185494524329947,1.3930990650613684,1.0407634678216235,1.1079385257412144
171,142.1,26.000000000000004,2.6005992517112544,1.6767604644167045,1.3869634212636244,1.21363583044763,1.1798933020219033
172,142.2,23.77777777777778,2.378331422873154,1.5273532617666412,1.3808794720688222,0.9974519508043318,1.253615918410428
173,142.3,26.44444444444445,2.6449936818137894,1.1736538095400464,1.374846638393563,1.2701470434202264,1.3289574383011205
174,142.4,26.333333333333336,2.6338547345272896,1.267453993599286,1.3688643492402457,1.2649903852870439,1.4059395539484458
175,142.5,28.33333333333333,2.834044856502482,1.716116966602425,1.3629320415619541,1.4711128149405277,1.4847800120475307
176,142.6,32.111111111111114,3.21184823934706,1.417140361775103,1.3570491601299894,1.8547990792170708,1.5659034346620184
177,142.7,28.11111111111112,2.8117147985790907,1.3615562604011222,1.351215157403956,1.4604996411751348,1.6499355701515235
178,142.8,31.888888888888893,3.189547036914097,1.6560853146167662,1.345429493404366,1.8441175435097308,1.737680531793456
179,142.9,32.44444444444444,3.245276065716971,1.3801127427613076,1.339691635587703,1.905584430129268,1.830082177683594
180,143.0,33.66666666666667,3.3674715987904973,1.4064145392755882,1.3340010587238738,2.0334705400666238,1.9281722606277067
181,143.1,36.888888888888886,3.689691533152765,1.483350744401689,1.3283572447760243,2.3613342883767405,2.033009155732565
182,143.2,34.00000000000001,3.400773765623021,1.6137985855097592,1.3227596827826473,2.0780140828403737,2.145611724957268
183,143.3,36.0,3.600840513043311,1.5167152883704786,1.317207868741936,2.2836326443013752,2.266893132759816
184,143.4,35.77777777777778,3.578518190278213,1.8217603041698631,1.3117013054983475,2.2668168847798658,2.397599185340382
185,143.5,36.44444444444445,3.645233787433729,1.6443114939542949,1.3062395026312985,2.3389942848024305,2.538255093220611
186,143.6,38.11111111111111,3.8119805410802448,1.5498710571943597,1.3008219763459845,2.5111585647342602,2.6891235692726716
187,143.7,45.77777777777778,4.57893735437433,1.8039053890219643,1.295448249366249,3.2834891050080808,2.8501760177184994
188,143.8,45.11111111111112,4.512047246431651,1.8675478031834147,1.2901178508294695,3.2219293956021815,3.021077395571755
189,143.9,41.44444444444446,4.145393897069279,1.7812393434752911,1.284830316183423,2.860563580885856,3.2011842712544682
190,144.0,43.22222222222222,4.323217238060518,1.473568885049082,1.2795851870850634,3.043632050975454,3.389554766529248
191,144.1,47.77777777777776,4.778810616117965,1.8746588432532076,1.274382011301208,3.5044286048167566,3.5849685046849658
192,144.2,47.777777777777786,4.778826183004329,1.9137526147096704,1.26922034261106,3.5096058403932684,3.785954412177552
193,144.3,53.44444444444445,5.345749702605682,1.6981308584151822,1.2640997407105439,4.081649961895138,3.990824205185777
194,144.4,59.66666666666666,5.968027465681774,2.049554150393787,1.2590197711184172,4.709007694563357,4.197709580580916
195,144.5,55.88888888888889,5.590120708052063,1.8941249318737967,1.2539800050841028,4.33614070296796,4.404601450973821
196,144.6,58.777777777777786,5.879129704164784,1.961286431701024,1.2489800194972314,4.630149684667552,4.609389941914179
197,144.7,62.44444444444446,6.245800796575227,1.9551124365118864,1.244019396798841,5.001781399776386,4.809904240885474
198,144.8,56.66666666666666,5.667973026937838,1.6849612965631324,1.2390977248941994,4.428875302043638,5.003951703584125
199,144.9,65.00000000000001,6.501371944171447,2.4393025907728467,1.23421459706723,5.267157347104217,5.189355853881164
200,145.0,67.66666666666667,6.768237639946061,1.928379875512078,1.229369611896482,5.538868028049579,5.363993050036494
201,145.1,72.99999999999999,7.301787766810069,2.220116297207999,1.2245623731726414,6.077225393637427,5.525827637715149
202,145.2,66.55555555555556,6.657221064156023,2.2668369645211706,1.21979248981753,5.437428574338494,5.672945388319621
203,145.3,70.77777777777779,7.079356497570226,2.313264992563704,1.215059575804574,5.864296921765652,5.803584953610859
204,145.4,69.88888888888889,6.990530971465404,1.749569852835258,1.210363250080704,5.7801677213847,5.916166980529065
205,145.5,72.0,7.201601012982926,2.302738761170091,1.2057031364896593,5.995897876493267,6.009320447130079
206,145.6,72.33333333333333,7.234999872370029,1.6906990913372797,1.2010788636966696,6.033921008673359,6.081905720262583
207,145.7,72.77777777777779,7.279521081921947,1.9456753280794885,1.1964900651144879,6.0830310168074595,6.133033810488426
208,145.8,76.55555555555556,7.657379932828635,2.403079750927512,1.1919363788307362,6.465443553997899,6.1620813159364065
209,145.9,74.00000000000001,7.401844476281359,2.1705383645652927,1.187417447536558,6.214427028744801,6.1687006047960615
210,146.0,72.66666666666669,7.268290980594157,2.0682078240149053,1.1829329184565203,6.085358062137637,6.152824882028384
211,146.1,73.44444444444444,7.346146570622164,2.1589397593381974,1.1784824432797734,6.16766412734239,6.114667912459701
212,146.2,69.33333333333334,6.934926524158561,2.0049287224596903,1.1740656780924184,5.760860846066143,6.054718320725423
213,146.3,69.11111111111111,6.912678750931062,2.0408316280418197,1.1696822833110696,5.742996467619992,5.973728548769083
214,146.4,68.77777777777779,6.879339841468487,2.092909935829536,1.1653319236175894,5.714007917850897,5.8726987141222535
215,146.5,71.1111111111111,7.112765431156561,2.075687380398231,1.161014267894956,5.951751163261605,5.752855768080978
216,146.6,67.55555555555556,6.757119794305413,2.2792558940711047,1.1567289891642656,5.6003908051411475,5.615628494412938
217,146.7,66.44444444444444,6.645958679310719,1.6778968524774738,1.1524757645228294,5.49348291478789,5.462619010045071
218,146.8,67.44444444444446,6.74588863449046,2.247950340492259,1.1482542750833442,5.597634359407116,5.295571524503237
219,146.9,59.777777777777786,5.979031861649412,2.018483715192572,1.1440642059141295,4.834967655735283,5.1163391814727985
220,147.0,59.11111111111112,5.9124552593722965,2.448320130041947,1.1399052459803873,4.772550013391909,4.926849842022023
221,147.1,58.22222222222222,5.823489661688868,2.306136656527946,1.1357770880864864,4.687712573602381,4.729071674531873
222,147.2,57.66666666666666,5.767916323452108,1.9734121438384196,1.1316794288192362,4.636236894632872,4.524979392279257
223,147.3,58.33333333333334,5.834677439540132,1.8123880377700148,1.1276119684921393,4.7070654710479936,4.316521928189895
224,147.4,53.44444444444445,5.3457129977823525,1.8644485877656984,1.1235744110906025,4.2221385866917505,4.105592260765625
225,147.5,53.0,5.3012318502985005,1.7149970202787093,1.1195664642180743,4.181665386080426,3.8940000096526455
226,147.6,47.0,4.701208513303076,2.1072987751129437,1.115587839043115,3.585620674259961,3.6834473083855817
227,147.7,41.66666666666666,4.1675816504954994,1.5900693460472657,1.1116382502473605,3.0559434002481387,3.4755083404819036
228,147.8,43.777777777777786,4.378702765725434,1.639256441510063,1.1077174159743706,3.2709853497510633,3.271612798362228
229,147.9,42.0,4.200962799979664,1.5980738139349502,1.1038250577793507,3.0971377422003137,3.073033397497623
230,148.0,39.11111111111112,3.9120394554059343,1.5568636060522698,1.0999609005797106,2.8120785548262237,2.8808774553834504
231,148.1,35.11111111111111,3.5119305075998617,1.4653760758868362,1.096124672606469,2.4158058349933924,2.6960824305640574
232,148.2,33.0,3.300809398160657,1.6444953558932702,1.0923161053564714,2.2084932928041856,2.5194152144842024
233,148.3,35.666666666666664,3.5674404483177904,1.5532862138195551,1.088534933545406,2.4789055147723844,2.3514748811905797
234,148.4,35.77777777777779,3.5787105870049287,1.5591913079141553,1.0847808950616162,2.4939296919433125,2.1926985288010084
235,148.5,32.666666666666664,3.2674626963374918,1.3596420340468331,1.081053730920671,2.186408965416821,2.043369793330259
236,148.6,29.77777777777778,2.978544909003342,1.297138824817467,1.0773531852207037,1.9011917237826381,1.9036295802399574
237,148.7,29.0,2.9006281568334646,1.3546431053709564,1.0736790050984877,1.826949151734977,1.7734885415402246
238,148.8,27.777777777777786,2.778418164726409,1.2485415235853388,1.0700309406862427,1.708387224040166,1.6528408253407285
239,148.9,24.888888888888893,2.489531516301006,1.2349154619003335,1.066408745069155,1.4231227712318508,1.5414786387988038
240,149.0,27.11111111111111,2.7117981956316366,1.333170473762565,1.0628121742435974,1.6489860213880392,1.439107192393466
241,149.1,22.88888888888889,2.289405872563152,1.318869231260264,1.0592409870760382,1.2301648854871137,1.345359631028983
242,149.2,23.444444444444446,2.345035915817946,1.1518080164605144,1.0556949452626279,1.2893409705553183,1.2598116031369444
243,149.3,23.55555555555556,2.356104797389581,1.3307343277264336,1.0521738132894418,1.303930984100139,1.1819951701732405
244,149.4,21.555555555555557,2.156025835420345,1.0708172926253023,1.0486773583933835,1.1073484770269615,1.111411813239179
245,149.5,20.11111111111111,2.011604761135973,1.0077126304584114,1.0452053505237113,0.9663994106122618,1.0475443487148974
246,149.6,18.444444444444443,1.8448724871937017,1.2732293275768969,1.0417575623042048,0.8031149248894969,0.9898676187504283
247,149.7,20.444444444444446,2.0449347672518514,1.1282370555154244,1.0383337689959369,1.0066009982559145,0.9378578734885247
248,149.8,19.33333333333333,1.933810270515171,0.9868147627569808,1.0349337484606527,0.8988765220545183,0.8910008086116283
249,149.9,19.222222222222225,1.9227036247652705,1.18104788675172,1.0315572811247429,0.8911463436405276,0.8487982631794976
250,150.0,17.66666666666667,1.7670825102419798,1.0671817269204769,1.0282041499437882,0.7388783602981916,0.8107736180708238
251,150.1,16.77777777777778,1.6781146382479195,1.1123385308895744,1.024874140367686,0.6532404978802335,0.7764759643075209
252,150.2,21.0,2.1005214343576686,1.5911051107406422,1.0215670403063304,1.0789543940513382,0.7454831330638613
253,150.3,16.11111111111111,1.6114835513720596,1.0207219524546425,1.01828264009584,0.5932009112762195,0.7174036954422919
254,150.4,16.666666666666668,1.6670357596882732,0.9390904576802492,1.015020732465336,0.6520150272229372,0.6918780505373061
255,150.5,16.77777777777778,1.6781379954900606,1.0505924367072603,1.0117811125042324,0.6663568829858282,0.6685787254724889
256,150.6,19.0,1.9004402657441049,1.101276011228354,1.0085635776300639,0.891876688114041,0.6472100116589383
257,150.7,15.666666666666668,1.5670146649395855,0.9337696763057882,1.005367927556813,0.5616467373827725,0.6275070582239662
258,150.8,16.666666666666668,1.667011296345427,1.4935324615243275,1.002193964263744,0.664817332081683,0.6092345371606172
259,150.9,17.666666666666668,1.7671491788714515,1.3104937908163696,0.9990414919647285,0.768107686906723,0.5921849860003796
260,151.0,13.0,1.300356886270874,0.9997492213806244,0.9959103170780518,0.3044465691928223,0.5761769234220346
261,151.1,13.333333333333334,1.3336713186007585,1.0260436944799738,0.9928002481966965,0.34087107040406195,0.5610528218241663
262,151.2,15.77777777777778,1.5781491085911958,0.9270412757695924,0.989711096059093,0.5884380125321028,0.5466770090728723
263,151.3,14.88888888888889,1.4892112950145415,0.9058388670059592,0.9866426735203254,0.5025686214942161,0.5329335598685122
264,151.4,14.333333333333332,1.4336435080067436,1.1011815001378549,0.9835947955237926,0.450048712482951,0.5197242258424906
265,151.5,14.0,1.400295707649711,0.9326819844099886,0.9805672790733011,0.4197284285764098,0.5069664428941485
266,151.6,14.111111111111112,1.4114257698455115,1.004723259865077,0.9775599432056031,0.43386582663990836,0.49459144462130145
267,151.7,15.888888888888888,1.5892335619617866,0.9278619533159882,0.9745726089633533,0.6146609529984333,0.4825425021205644
268,151.8,12.77777777777778,1.2781102249601308,1.1309722013681105,0.9716050993684862,0.30650512559164467,0.4707733030039094
269,151.9,14.555555555555554,1.455954681837262,0.946993968292243,0.9686572393960092,0.4872974424412527,0.4592464762072923
270,152.0,13.555555555555554,1.3558646385943307,0.9107943362124038,0.9657288559481909,0.3901357826461398,0.4479322640221168
271,152.1,14.222222222222223,1.4225502153915812,0.8562023708015563,0.9628197778291533,0.45973043756242793,0.43680733869298083
272,152.2,14.88888888888889,1.489201277105732,0.9691052427096016,0.959929835719853,0.5292714413858789,0.42585375780272666
273,152.3,14.444444444444445,1.4447134858826836,1.034123414902834,0.9570588621534423,0.4876546237292413,0.4150580504008566
274,152.4,12.333333333333334,1.2336346320293516,0.8679426122079792,0.954206691491012,0.27942794053833964,0.4044104243081033
275,152.5,13.0,1.3003012924657888,0.8295692343162953,0.9513731598976982,0.34892813256809063,0.3939040841314999
276,152.6,13.888888888888888,1.3892368829372552,0.97627876346565,0.9485581053191563,0.4406787776180989,0.3835346491376964
277,152.7,12.333333333333334,1.2335901471011117,0.9013239671552952,0.9457613674583922,0.28782877964271947,0.37329966015131455
278,152.8,10.444444444444446,1.0446901593471878,0.7136921910313104,0.9429827877529424,0.10170737159424537,0.3631981649742671
279,152.9,16.555555555555557,1.6558835331456645,1.021959837292603,0.9402222093524029,0.7156613237932616,0.35323037237644234
280,153.0,12.555555555555555,1.2558112463101097,0.8701925645307017,0.9374794770962898,0.3183317692138199,0.3433973654155274
281,153.1,11.444444444444445,1.1447223858903075,0.8265499764662623,0.9347544374922424,0.2099679483980651,0.3337008656438282
282,153.2,12.0,1.200253475427069,0.9723052184432196,0.9320469386945458,0.26820653673252326,0.3241430406034711
283,153.3,12.666666666666668,1.266939037989021,0.9406252793331714,0.9293568304829791,0.33758220750604195,0.3147263478604136
284,153.4,12.444444444444446,1.2446745597364814,0.99985138127187,0.926683964241983,0.3179905954944985,0.3054534096531788
285,153.5,12.555555555555555,1.2558312721063654,0.8786841250614315,0.9240281929401285,0.33180307916623686,0.2963269130135435
286,153.6,12.333333333333332,1.2336212911373965,0.972601088388972,0.9213893711099017,0.3122319200274948,0.28734953094000987
287,153.7,12.0,1.200251256096048,0.9723552340695,0.918767354827784,0.28148390126826406,0.278523860862394
288,153.8,12.555555555555555,1.2557912260723427,1.5110582533433976,0.9161620016946268,0.3396292243777159,0.2698523772240022
289,153.9,12.555555555555555,1.2559057934156292,0.997529955079618,0.9135731708163218,0.3423326225993074,0.2613373955263076
290,154.0,10.888888888888888,1.0890801022880476,0.8071732663953788,0.911000722784749,0.17807937950329866,0.25298104563215346
291,154.1,11.222222222222223,1.1224734752127064,0.8120175225948522,0.9084445196590115,0.21402895555369483,0.2447852525115973
292,154.2,13.222222222222223,1.3225412955740032,1.0293577387967905,0.9059044249469441,0.4166368706270591,0.23675172294447427
293,154.3,9.555555555555555,0.9558134950123728,0.648524733267315,0.903380303586893,0.05243319142547975,0.22888193697172113
294,154.4,10.777777777777777,1.078026812770038,0.8354362579618202,0.9008720219297646,0.17715479084027352,0.22117714311927508
295,154.5,12.22222222222222,1.2225424219242986,0.9285744332561896,0.8983794477213312,0.32416297420296747,0.2136383566098851
296,154.6,12.33333333333333,1.2335957052082025,0.9014323325232148,0.8959024500848001,0.3376932551234024,0.20626635993522985
297,154.7,13.0,1.300286864386039,1.021581415558012,0.8934408995036343,0.40684596488240476,0.19906170528825776
298,154.8,10.666666666666666,1.066901245759883,0.7908360092833804,0.8909946678046217,0.17590657795526132,0.19202471845862573
299,154.9,12.11111111111111,1.2113790419899748,0.7149576589804699,0.8885636281411935,0.3228154138487813,0.18515550387651844
300,155.0,11.666666666666666,1.166987961125041,0.9162060429168998,0.8861476549769766,0.28084030614806454,0.17845395055561913
301,155.1,8.222222222222223,0.8223878755096151,0.6817906850977008,0.8837466240695906,-0.06135874855997547,0.17191973873784433
302,155.2,10.000000000000002,1.0002301321975409,0.873668045156376,0.8813604124546743,0.11886971974286653,0.1655523470830485
303,155.3,11.22222222222222,1.122456804430488,0.7841699282133466,0.8789888984301424,0.2434679060003455,0.1593510602787108
304,155.4,9.000000000000002,0.9002001163044212,0.8058831148776284,0.8766319615406705,0.023568154763750737,0.15331497696932161
305,155.5,9.777777777777777,0.977992347312241,0.9308704176172132,0.8742894825623961,0.10370286474984491,0.14744301792429398
306,155.6,10.0,1.0002279224414348,0.7651887268926009,0.8719613434878446,0.12826657895359017,0.14173393437809087
307,155.7,9.555555555555554,0.9557879240008416,0.7442285130647774,0.8696474275110669,0.08614049648977462,0.1361863164876312
308,155.8,11.666666666666666,1.1668868081076236,0.8914588409943052,0.8673476190129883,0.2995391890946353,0.13079860186091952
309,155.9,10.222222222222223,1.0224623583126895,0.890176554988785,0.8650618035469685,0.157400554765721,0.12556908411771575
310,156.0,10.333333333333334,1.0334956440583325,0.7037632087614158,0.8627898678245602,0.17070577623377226,0.12049592144840157
311,156.1,10.44444444444444,1.044671235417533,0.7830456040216411,0.860531699701475,0.1841395357160579,0.11557714514150472
312,156.2,8.444444444444446,0.8446256784335013,0.7686422673030674,0.8582871881637446,-0.01366150973024327,0.11081066805369433
313,156.3,10.11111111111111,1.0113779312133866,0.9391604511964748,0.8560562233140766,0.15532170789931,0.10619429299887527
314,156.4,8.444444444444446,0.8446112031716223,0.7876423076549988,0.8538386963584046,-0.009227493186782287,0.1017257210353312
315,156.5,10.000000000000002,1.000241245087608,0.9232244731965368,0.8516344995926224,0.14860674549498554,0.09740255963182551
316,156.6,8.777777777777777,0.877981234869689,0.6266346155588066,0.8494435263895079,0.028537708480181112,0.09322233069535425
317,156.7,8.77777777777778,0.8779634399632706,0.7045397038269858,0.8472656711858287,0.030697768777441903,0.0891824784447553
318,156.8,10.555555555555555,1.0557823458559,1.3243074382524065,0.8451008294696255,0.21068151638627441,0.08528037711583183
319,156.9,9.22222222222222,0.9225146384861224,0.75154191246111,0.8429488977676773,0.07956574071844502,0.08151333848497104
320,157.0,8.666666666666666,0.8668578952008338,0.8193353930006628,0.8408097736331331,0.026048121567700644,0.07787861919946933
321,157.1,9.55555555555556,0.9557490016388271,0.7829908725277352,0.8386833556333225,0.11706564600550462,0.07437342790400818
322,157.2,10.444444444444446,1.044714601779927,1.2378616175456387,0.8365695433377303,0.20814505844219666,0.07099493215383125
323,157.3,7.555555555555556,0.7557456661874705,0.660838944442694,0.8344682373061378,-0.07872257111866732,0.06774026510630138
324,157.4,10.222222222222223,1.0224679391251623,0.7648084027753889,0.832379339076932,0.19008860004823036,0.06460653198358637
325,157.5,9.777777777777777,0.9779612017165962,0.8208394905106038,0.8303027511555661,0.1476584505610301,0.06159081630023662
326,157.6,10.222222222222223,1.022509056105804,1.5474618065413968,0.828238377003188,0.19427067910261586,0.058690185850456045
327,157.7,8.222222222222223,0.8224557203576114,0.7926198212829826,0.8261861210254198,-0.0037304006678083867,0.055901698450801944
328,157.8,8.11111111111111,0.8113523775595499,0.710947150358025,0.8241458885612895,-0.012793511001739533,0.05322240743500528
329,157.9,8.444444444444446,0.8447090614671594,0.7592215304214628,0.8221175858723191,0.022591475594840316,0.050649366898502045
330,158.0,6.222222222222222,0.6223789737194028,0.6426751774854834,0.8201011201317547,-0.19772214641235197,0.048179636691116516
331,158.1,9.888888888888888,0.9891323561986092,0.7842969048408237,0.8180963994139475,0.17103595678466166,0.045810287157192126
332,158.2,9.333333333333334,0.9335623483085136,0.8711183003820732,0.8161033326838767,0.1174590156246369,0.043538403623229575
333,158.3,8.11111111111111,0.8112711998376231,0.6098033238534233,0.8141218297868156,-0.002850629949192496,0.04136109063385772
334,158.4,8.444444444444445,0.8446223242894474,0.7589936843451651,0.8121518014381374,0.032470522851310024,0.03927547593767486
335,158.5,9.444444444444445,0.9446957394895888,0.7824093806845028,0.8101931592132552,0.13450258027633366,0.03727871422515532
336,158.6,8.222222222222223,0.8224001002897836,0.6708728077153708,0.8082458155377027,0.014154284752080915,0.035367990621469975
337,158.7,8.000000000000002,0.800197894305869,0.7583633349081116,0.8063096836773437,-0.0061117893714747185,0.03354052393763498
338,158.8,9.555555555555555,0.955775695221076,0.8378606744015029,0.8043846777287142,0.15139101749236172,0.03179356968396426
339,158.9,8.444444444444446,0.8446156467260885,0.7686561072832634,0.8024707126094975,0.042144934116590926,0.030124422850306386
340,159.0,8.666666666666666,0.8668823494252329,1.1948409455082445,0.8005677040491181,0.06631464537611476,0.028530420458001027
341,159.1,8.444444444444445,0.844614547521343,0.7391446472404096,0.7986755685794696,0.045938978941873376,0.027008943888932685
342,159.2,10.000000000000002,1.0002067867469926,0.7747297489573638,0.7967942235257611,0.20341256322123147,0.025557420997424724
343,159.3,7.555555555555556,0.7557390059777975,0.714761678289723,0.7949235869974862,-0.03918458101968869,0.024173328011071374
344,159.4,8.111111111111112,0.8113067967707815,0.8265024613427304,0.7930635778795141,0.018243218891267454,0.022854191226909532
345,159.5,9.222222222222223,0.9224623649903034,0.7804748239950476,0.7912141158232928,0.1312482491670106,0.021597588509591297
346,159.6,6.333333333333334,0.6334567383842082,0.6257411664207781,0.7893751212381751,-0.15591838285396686,0.020401150598462238
347,159.7,7.555555555555556,0.7557056328257126,0.820890953266895,0.7875465152828547,-0.03184088245714212,0.0192625622306301
348,159.8,6.222222222222222,0.6224045616479273,0.542760869632071,0.785728219856916,-0.16332365820898864,0.01817956308727653
349,159.9,6.666666666666666,0.6668111989545895,0.5578717466272045,0.7839201575924967,-0.11710895863790716,0.017149948570589366
350,160.0,8.000000000000002,0.8001623296383147,0.7077255605314906,0.782122251846056,0.01804007779225869,0.016171570418780905
351,160.1,6.555555555555556,0.6556789583783318,0.6383226123910888,0.780334426690253,-0.1246554683119212,0.015242337166731738
352,160.2,9.666666666666664,0.9668923490850536,0.8644834259808645,0.7785566069059315,0.18833574217912208,0.014360214459822709
353,160.3,6.111111111111112,0.611282334305601,0.6359986482462419,0.7767887179742072,-0.16550638366860626,0.013523225228530476
354,160.4,8.444444444444446,0.8446011912750279,1.4651543918563212,0.775030686068662,0.06957050520636587,0.012729449731342091
355,160.5,8.888888888888888,0.8891546126775082,0.8228671205620949,0.773282438047632,0.1158721746298762,0.011977025473494678
356,160.6,8.444444444444445,0.8446434497469163,0.7783069572422576,0.7715439014466041,0.07309954830031218,0.011264147008988087
357,160.7,7.555555555555556,0.7556878581678105,0.6718894064615905,0.7698150044707055,-0.014127146302895022,0.010589065633221132
358,160.8,6.888888888888888,0.6890189659459036,0.5573998124317573,0.7680956759872912,-0.07907671004138761,0.009950088973498656
359,160.9,7.555555555555556,0.7557289900711902,0.6380456004252805,0.7663858455186304,-0.010656855447440217,0.009345580484530077
360,161.0,7.666666666666667,0.766881239538668,0.6187457197819423,0.7646854432346799,0.00219579630398814,0.008773958855893063
361,161.1,7.222222222222223,0.7223656379469022,0.6917331776758234,0.7629943999459581,-0.04062876199905585,0.008233697338284432
362,161.2,7.111111111111112,0.7112767572819229,0.6979364920373006,0.7613126470965048,-0.05003588981458196,0.007723322995202108
363,161.3,7.777777777777778,0.7779678901906072,0.7116265709313571,0.7596401167569338,0.018327773433673422,0.0072414158865217815
364,161.4,8.222222222222223,0.8223945388400801,0.7032123234662762,0.7579767416175753,0.06441779722250474,0.006786608190237261
365,161.5,6.555555555555555,0.6557290040925504,0.6498540715615916,0.7563224549817001,-0.10059345088914973,0.00635758326842676
366,161.6,6.888888888888889,0.6890067224753749,0.68826049540748,0.7546771907588372,-0.06567046828346235,0.005953074683300699
367,161.7,9.22222222222222,0.9223767497191152,1.1489160551605428,0.7530408834581712,0.169335866260944,0.005571865168963201
368,161.8,6.111111111111112,0.6112623182915883,0.6000100175831252,0.7514134681820264,-0.1401511498904381,0.005212785564298828
369,161.9,7.222222222222223,0.7223545197184295,0.837078529499005,0.7497948806194314,-0.027440360901001992,0.004874713712167733
370,162.0,6.888888888888889,0.689072339530814,0.6775921068888638,0.748185057039766,-0.05911271750895197,0.0045565733298595255
371,162.1,7.222222222222222,0.722364519162241,0.7232008018249608,0.7465839342864877,-0.024219415124246746,0.004257332855526912
372,162.2,5.888888888888889,0.5890145117120914,0.6566107465583523,0.7449914497709379,-0.1559769380588465,0.0039760042750825566
373,162.3,7.777777777777778,0.7779412226427964,0.6685975213420747,0.7434075414662245,0.03453368117657196,0.003711641933810851
374,162.4,9.222222222222223,0.9224301228661278,0.7611931909182404,0.7418321479011845,0.18059797496494334,0.0034633413367131534
375,162.5,6.222222222222224,0.6223723159565093,0.5561611748522431,0.7402652081544168,-0.11789289219790744,0.003230237941372183
376,162.6,7.111111111111112,0.711297891420677,0.6426768089276539,0.7387066618483951,-0.027408770427718054,0.003011505946895116
377,162.7,7.555555555555556,0.7556622715871807,0.7932660297381987,0.7371564491436507,0.01850582244352994,0.0028063570822666395
378,162.8,7.444444444444445,0.7446123123915872,0.6566392213125782,0.7356145107330287,0.008997801658558457,0.0026140393972229605
379,162.9,6.777777777777778,0.67793454018207,0.6722438355568446,0.7340807878360174,-0.05614624765394738,0.00243383605854015
380,163.0,6.888888888888889,0.6890489785018176,0.6322048368533894,0.7325552221931442,-0.04350624369132661,0.0022650641544168493
381,163.1,7.1111111111111125,0.7112133884843012,0.8153532142721802,0.7310377560604441,-0.01982436757614292,0.002107073509425967
382,163.2,7.222222222222222,0.7223645309567723,0.5999803435867458,0.7295283322039967,-0.007163801247224377,0.0019592455123071907
383,163.3,5.222222222222222,0.522368965824008,0.5976241910320803,0.7280268938945277,-0.20565792807051964,0.001820991958677963
384,163.4,6.222222222222223,0.6223734314083079,0.6310295867529132,0.7265333849020809,-0.10415995349377294,0.001691753910552128
385,163.5,6.555555555555556,0.6557012039578017,0.6024972502538297,0.7250477494907518,-0.06934654553295005,0.001571000574372872
386,163.6,10.0,1.000102268468814,1.4115911814908322,0.7235699324134888,0.2765323360553251,0.0014582281990932543
387,163.7,6.111111111111112,0.6112167219249058,0.5747252106536331,0.7220998789069561,-0.11088315698205031,0.0013529589956686157
388,163.8,7.666666666666668,0.7668056268206622,0.6536114757456429,0.7206375346864621,0.046168092134200145,0.001254740079165685
389,163.9,6.777777777777778,0.6779011730362569,0.6382625488759325,0.7191828459409468,-0.04128167290468998,0.001163142434540175
390,164.0,7.222222222222223,0.722397877399204,0.6122400957680183,0.7177357593280316,0.00466211807117245,0.0010777599069886515
391,164.1,6.111111111111112,0.6112378536121377,0.6122723903190738,0.7162962219691293,-0.10505836835699167,0.0009982082176433244
392,164.2,8.000000000000002,0.8001378636192535,1.1275258702744173,0.7148641814446146,0.08527368217463893,0.0009241240052469141
393,164.3,8.666666666666666,0.8668456628498861,1.1882871852296162,0.7134395857890499,0.1534060770608362,0.0008551638943219723
394,164.4,6.444444444444445,0.6446245698808045,0.7301672332832372,0.7120223834864747,-0.06739781360567021,0.0007910035902331337
395,164.5,5.77777777777778,0.5779022867064054,0.6608004800354305,0.7106125234657447,-0.13271023675933924,0.0007313370014316573
396,164.6,6.000000000000001,0.600140082947001,0.5671118415032966,0.7092099550959328,-0.10906987214893171,0.0006758753890706811
397,164.7,5.1111111111111125,0.5112322879305963,0.4925461802774207,0.7078146281817832,-0.19658234025118693,0.0006243465440842638
398,164.8,6.777777777777777,0.6779567830877947,0.590088672695907,0.7064264929592203,-0.028469709871425608,0.0005764939917358015
399,164.9,6.222222222222222,0.6223667487217531,0.6872073605263986,0.705045500090913,-0.08267875136915992,0.0005320762235600905
400,165.0,6.666666666666668,0.6668134129405272,0.6086926986796877,0.7036716006618885,-0.03685818772136129,0.0004908659565481853
